Chr	Start	Stop	Name	Collinear_Genes	Collinear_gbM	Collinear_TE.like	Collinear_Unmethylated	Collinear_Unclassified	Total_Genes	Total_gbM	Total_TE.like	Total_Unmethylated	Total_Unclassified	TE_Number	TE_bps	Total_Length	Percent_TE
Chr1	5896385	7892118	0-1	183	30	2	93	58	530	86	15	299	126	164	130641	1995733	0.0654602
Chr1	27217368	29452417	0-2	183	20	NA	121	42	620	77	5	402	136	84	44943	2235049	0.0201083
Chr1	26182156	26565865	100-1	9	2	NA	6	1	94	12	1	70	11	23	12927	383709	0.0336896
Chr5	4730952	4937465	100-2	9	3	NA	5	1	54	9	NA	37	8	15	12891	206513	0.0624222
Chr1	7876640	8016150	10-1	5	1	NA	4	NA	32	1	NA	26	5	11	3163	139510	0.0226722
Chr1	20666180	20856122	101-1	8	2	NA	4	2	48	7	2	30	9	26	20331	189942	0.1070379
Chr5	22704892	22889073	101-2	8	NA	NA	6	2	51	8	2	29	12	4	8133	184181	0.0441577
Chr1	12867081	13125328	10-2	5	1	1	3	NA	45	5	10	24	6	146	67834	258247	0.2626710
Chr1	25642534	26027771	102-1	7	1	NA	5	1	93	11	NA	61	21	51	30020	385237	0.0779261
Chr5	5079327	5277787	102-2	7	1	NA	6	NA	62	13	3	33	13	8	9733	198460	0.0490426
Chr1	6774683	7023162	103-1	6	NA	NA	4	2	68	6	NA	42	20	9	9808	248479	0.0394721
Chr5	26421642	26549698	103-2	6	NA	NA	5	1	45	1	NA	34	10	3	3787	128056	0.0295730
Chr1	1202160	1289820	104-1	5	NA	NA	4	1	23	1	NA	18	4	5	1236	87660	0.0140999
Chr5	17583772	17749057	104-2	5	2	1	2	NA	38	12	NA	20	6	36	20579	165285	0.1245062
Chr1	9317589	9458176	105-1	5	NA	NA	4	1	36	1	NA	24	11	14	8535	140587	0.0607097
Chr5	25122578	25272033	105-2	5	NA	1	3	1	39	6	NA	24	9	6	9750	149455	0.0652370
Chr1	30171357	30340385	106-1	5	NA	NA	5	NA	53	5	NA	35	13	8	4993	169028	0.0295395
Chr5	8688415	8863224	106-2	5	1	NA	4	NA	33	5	1	17	9	33	14372	174809	0.0822154
Chr2	15575996	15790139	107-1	8	NA	NA	6	2	61	5	2	46	8	8	23041	214143	0.1075963
Chr2	16238401	16545746	107-2	8	1	NA	6	1	83	8	1	53	21	13	6388	307345	0.0207845
Chr2	12295255	12484420	108-1	7	NA	NA	6	1	39	5	1	26	7	10	2255	189165	0.0119208
Chr2	15694038	15795235	108-2	7	NA	NA	6	1	29	1	NA	24	4	5	1270	101197	0.0125498
Chr2	7760005	7964995	109-1	7	NA	NA	4	3	54	6	4	27	16	32	26462	204990	0.1290892
Chr2	9027730	9260697	109-2	7	2	NA	4	1	67	14	NA	36	16	30	21430	232967	0.0919873
Chr1	3515182	4358894	1-1	61	11	NA	39	11	237	39	6	136	56	66	31177	843712	0.0369522
Chr2	12284281	12615414	110-1	6	1	1	3	1	73	11	2	48	12	21	8024	331133	0.0242320
Chr2	16447006	16629412	110-2	6	NA	NA	4	2	54	4	NA	36	14	9	2765	182406	0.0151585
Chr1	7932777	8572377	11-1	63	8	NA	44	11	182	20	3	124	35	81	30866	639600	0.0482583
Chr2	16043948	16074917	111-1	5	1	NA	4	NA	9	1	NA	8	NA	0	0	30969	0.0000000
Chr2	16816530	16912616	111-2	5	NA	NA	4	1	26	NA	1	19	6	1	1060	96086	0.0110318
Chr1	26380379	27190036	11-2	63	5	NA	46	12	222	27	7	150	37	25	8219	809657	0.0101512
Chr2	7076713	7326317	112-1	8	1	NA	5	2	53	7	3	29	14	80	47014	249604	0.1883544
Chr2	9005944	9236481	112-2	8	2	NA	6	NA	65	14	NA	33	17	33	37327	230537	0.1619133
Chr2	17587169	19689229	113-1	143	15	NA	103	25	626	60	12	436	117	78	37634	2102060	0.0179034
Chr3	21444243	23311397	113-2	143	23	1	89	30	539	74	4	346	111	147	87219	1867154	0.0467123
Chr2	16221815	17496187	114-1	85	7	NA	59	19	347	32	5	232	78	62	26095	1274372	0.0204768
Chr3	20193627	21384605	114-2	85	12	NA	56	17	332	45	15	197	75	84	47711	1190978	0.0400604
Chr2	15053483	15897805	115-1	57	5	1	34	17	227	23	7	150	47	32	35098	844322	0.0415694
Chr3	19406853	20038200	115-2	57	7	NA	37	13	188	15	7	129	37	43	19897	631347	0.0315152
Chr2	12199075	12615414	116-1	9	1	NA	6	2	87	13	2	58	14	28	9617	416339	0.0230990
Chr3	16739247	17244281	116-2	9	3	NA	6	NA	132	19	15	70	28	153	83593	505034	0.1655196
Chr2	19357420	19437544	117-1	6	1	NA	5	NA	20	4	NA	14	2	2	1074	80124	0.0134042
Chr3	1975915	2104908	117-2	6	3	NA	3	NA	30	8	NA	15	7	3	342	128993	0.0026513
Chr2	9717602	10028814	118-1	7	1	NA	4	2	80	12	3	45	19	51	35673	311212	0.1146260
Chr3	18434449	18718396	118-2	7	NA	NA	6	1	81	8	4	50	19	23	21195	283947	0.0746442
Chr2	12284281	12524193	119-1	6	1	1	4	NA	49	7	2	31	9	12	2553	239912	0.0106414
Chr3	20440491	20591401	119-2	6	NA	NA	5	1	40	8	3	21	8	26	12493	150910	0.0827844
Chr1	22314089	23429652	1-2	61	13	NA	36	12	287	53	8	164	62	98	41317	1115563	0.0370369
Chr2	17507343	17630797	120-1	16	3	NA	11	2	41	4	NA	29	8	6	1790	123454	0.0144993
Chr3	21402940	21506572	120-2	16	2	NA	6	8	29	4	1	14	10	2	716	103632	0.0069091
Chr1	5508311	5870883	12-1	45	11	1	26	7	113	20	1	69	23	19	6834	362572	0.0188487
Chr2	7679008	8061073	121-1	16	3	NA	9	4	99	11	6	53	28	70	36954	382065	0.0967218
Chr3	18857040	19077850	121-2	16	2	NA	13	1	69	7	1	50	11	26	12847	220810	0.0581812
Chr1	29468394	29990336	12-2	45	8	NA	27	10	141	19	NA	87	35	27	17551	521942	0.0336263
Chr2	17105097	17166110	122-1	9	NA	NA	6	3	23	2	NA	16	5	4	1064	61013	0.0174389
Chr3	21008068	21070558	122-2	9	2	NA	7	NA	21	3	NA	14	4	2	501	62490	0.0080173
Chr2	19529743	19580615	123-1	7	NA	NA	6	1	18	NA	NA	14	4	0	0	50872	0.0000000
Chr3	23195917	23242561	123-2	7	NA	NA	7	NA	16	NA	NA	14	2	0	0	46644	0.0000000
Chr2	17785354	17920496	124-1	7	1	NA	5	1	42	5	NA	28	9	2	1622	135142	0.0120022
Chr3	21798303	21887123	124-2	7	1	NA	5	1	20	4	NA	11	5	2	1150	88820	0.0129475
Chr2	15059763	15171459	125-1	6	NA	NA	6	NA	31	2	NA	25	4	7	5348	111696	0.0478800
Chr3	3624961	3698658	125-2	6	NA	NA	6	NA	18	2	1	12	3	3	728	73697	0.0098783
Chr2	14277558	14390339	126-1	6	1	NA	4	1	29	2	NA	21	6	16	4914	112781	0.0435712
Chr3	4997785	5183641	126-2	6	1	NA	5	NA	57	9	NA	38	10	7	928	185856	0.0049931
Chr2	19483919	19571034	127-1	5	NA	NA	4	1	32	NA	NA	25	7	1	907	87115	0.0104115
Chr3	1595099	1692510	127-2	5	1	1	3	NA	26	6	NA	13	7	2	3600	97411	0.0369568
Chr2	16083645	16149934	128-1	5	1	1	2	1	22	2	1	12	7	0	0	66289	0.0000000
Chr3	2620670	2696199	128-2	5	NA	NA	3	2	23	3	NA	11	9	4	2489	75529	0.0329542
Chr2	16708379	16850494	129-1	5	NA	NA	4	1	40	2	1	31	6	5	898	142115	0.0063188
Chr3	3457342	3521329	129-2	5	NA	NA	4	1	21	1	1	16	3	3	1222	63987	0.0190976
Chr2	6758430	8079537	130-1	88	9	2	46	31	297	50	20	152	74	364	216176	1321107	0.1636325
Chr4	16343057	17345171	130-2	88	10	NA	66	12	289	35	3	190	60	56	22695	1002114	0.0226471
Chr1	6184717	6319427	13-1	13	1	NA	8	4	40	5	2	20	9	17	6685	134710	0.0496251
Chr2	10135605	11302319	131-1	70	11	1	38	20	292	44	16	163	69	182	70442	1166714	0.0603764
Chr4	14878783	16077876	131-2	70	10	1	45	14	325	52	3	191	78	60	27483	1199093	0.0229198
Chr1	27632840	27739168	13-2	13	NA	1	8	4	29	2	1	19	7	4	799	106328	0.0075145
Chr2	9002843	9545038	132-1	52	10	NA	31	11	161	24	3	90	43	76	47980	542195	0.0884921
Chr4	18025635	18584524	132-2	52	8	1	36	7	168	20	3	115	30	21	13409	558889	0.0239922
Chr2	9937792	10073126	133-1	7	2	NA	2	3	34	8	NA	18	8	15	14744	135334	0.1089453
Chr4	17388649	17525294	133-2	7	2	NA	5	NA	40	7	1	24	8	10	2807	136645	0.0205423
Chr2	5953940	6389668	134-1	7	3	NA	2	2	54	11	12	24	7	246	144188	435728	0.3309129
Chr4	16160824	16255760	134-2	7	1	NA	4	2	29	3	NA	19	6	6	5610	94936	0.0590924
Chr2	8309533	8533779	135-1	7	3	NA	2	2	64	17	4	28	15	20	9732	224246	0.0433988
Chr4	13149170	13300444	135-2	7	1	NA	3	3	43	5	NA	27	11	21	13009	151274	0.0859963
Chr2	13647699	13813572	136-1	6	1	NA	4	1	45	6	NA	30	9	10	10431	165873	0.0628855
Chr4	8516372	8726733	136-2	6	1	NA	4	1	55	12	3	25	15	34	10281	210361	0.0488731
Chr2	18626188	18811125	137-1	6	NA	1	5	NA	50	4	1	35	9	15	4441	184937	0.0240136
Chr4	11838960	12028004	137-2	6	NA	NA	4	2	60	7	3	40	10	14	3387	189044	0.0179165
Chr2	18910081	19135383	138-1	6	1	NA	5	NA	71	11	2	48	10	3	566	225302	0.0025122
Chr4	12220641	12505774	138-2	6	NA	NA	5	1	73	11	1	47	14	23	16002	285133	0.0561212
Chr2	18617862	18713211	139-1	5	NA	NA	5	NA	27	1	1	22	2	15	4441	95349	0.0465763
Chr4	57140	87071	139-2	5	NA	NA	5	NA	10	1	NA	7	2	6	1361	29931	0.0454713
Chr2	19239694	19315343	140-1	5	NA	NA	5	NA	22	1	NA	17	4	5	1367	75649	0.0180703
Chr4	620691	785340	140-2	5	NA	NA	3	2	41	4	NA	26	11	31	13819	164649	0.0839301
Chr1	13227137	14161938	14-1	8	2	1	5	NA	62	8	35	12	7	612	390261	934801	0.4174803
Chr2	8086572	8993275	141-1	65	16	2	33	14	248	63	7	118	59	102	59231	906703	0.0653257
Chr4	13974323	14866763	141-2	65	17	NA	37	11	249	42	10	142	55	42	32518	892440	0.0364372
Chr1	29239484	29407608	14-2	8	NA	NA	5	3	41	2	2	27	10	12	7319	168124	0.0435333
Chr2	9569023	10017373	142-1	27	4	NA	16	7	106	17	3	62	23	69	41164	448350	0.0918122
Chr4	17482147	17882644	142-2	27	4	NA	19	4	105	8	NA	76	21	21	11555	400497	0.0288517
Chr2	7039682	7326317	143-1	10	1	NA	6	3	59	8	4	31	16	94	50378	286635	0.1757566
Chr4	18028911	18276311	143-2	10	1	NA	6	3	73	9	2	51	11	7	4915	247400	0.0198666
Chr2	18842516	18919198	144-1	8	1	NA	6	1	23	4	NA	17	2	0	0	76682	0.0000000
Chr4	156376	314239	144-2	8	1	NA	5	2	41	9	3	19	10	12	5613	157863	0.0355561
Chr2	18945937	19061492	145-1	8	2	NA	5	1	38	4	1	30	3	2	479	115555	0.0041452
Chr4	437605	566917	145-2	8	1	NA	5	2	39	8	1	22	8	16	12190	129312	0.0942681
Chr2	14704507	14779106	146-1	7	1	NA	5	1	23	5	NA	12	6	3	9654	74599	0.1294119
Chr4	10817070	11029736	146-2	7	1	NA	1	5	52	11	1	29	11	24	17788	212666	0.0836429
Chr2	14990325	15033342	147-1	7	1	NA	6	NA	14	1	NA	11	1	0	0	43017	0.0000000
Chr4	9273265	9474885	147-2	7	1	NA	5	1	53	5	NA	38	9	11	15249	201620	0.0756324
Chr2	7679008	8082901	148-1	8	1	NA	4	3	104	12	6	56	29	75	39621	403893	0.0980978
Chr4	16423986	16749062	148-2	8	1	NA	7	NA	93	8	1	63	20	15	5184	325076	0.0159470
Chr2	18935236	19044955	149-1	6	2	NA	4	NA	38	5	1	28	4	2	479	109719	0.0043657
Chr4	6760794	6938299	149-2	6	1	1	2	2	36	7	1	23	5	61	29559	177505	0.1665249
Chr2	6393310	6872245	150-1	6	1	1	4	NA	71	10	9	35	17	254	135367	478935	0.2826417
Chr4	16265420	16410791	150-2	6	1	NA	5	NA	41	6	NA	23	12	4	1745	145371	0.0120038
Chr1	8401808	8563502	15-1	7	3	NA	4	NA	49	6	1	32	10	34	12268	161694	0.0758717
Chr2	7399056	7490199	151-1	5	NA	NA	4	1	23	6	NA	13	4	22	11795	91143	0.1294120
Chr4	16898933	16934236	151-2	5	NA	NA	4	1	16	NA	NA	13	3	0	0	35303	0.0000000
Chr1	22053885	22247472	15-2	7	2	NA	3	2	40	8	2	22	8	37	12625	193587	0.0652162
Chr2	15872347	16129399	152-1	13	1	NA	8	4	64	7	4	43	10	14	7248	257052	0.0281966
Chr5	9780	337914	152-2	13	NA	NA	11	2	89	4	2	59	24	10	7059	328134	0.0215126
Chr2	7568018	7925918	153-1	12	NA	NA	7	5	88	14	3	44	26	69	38259	357900	0.1068986
Chr5	26387428	26547793	153-2	12	NA	NA	11	1	59	3	NA	44	12	9	4863	160365	0.0303246
Chr2	9443073	9738384	154-1	10	1	NA	8	1	66	10	1	37	18	42	13933	295311	0.0471808
Chr5	26017185	26352703	154-2	10	NA	NA	9	1	84	8	NA	62	14	21	13394	335518	0.0399204
Chr2	10670410	11015838	155-1	9	1	NA	8	NA	87	11	5	52	19	47	14878	345428	0.0430712
Chr5	3445029	3728726	155-2	9	NA	NA	7	2	71	11	NA	36	24	10	5390	283697	0.0189991
Chr2	15231346	15350290	156-1	7	2	NA	5	NA	29	6	1	15	7	1	136	118944	0.0011434
Chr5	908251	1006631	156-2	7	1	NA	5	1	21	3	NA	15	2	1	160	98380	0.0016263
Chr2	9433616	9589366	157-1	6	1	NA	3	2	37	4	1	20	12	24	5538	155750	0.0355570
Chr5	3157694	3308109	157-2	6	NA	NA	6	NA	43	7	1	31	3	10	4285	150415	0.0284878
Chr2	10559173	10757947	158-1	6	NA	NA	6	NA	49	9	7	29	4	44	11941	198774	0.0600732
Chr5	8584535	8756948	158-2	6	NA	NA	5	1	37	8	3	18	7	27	22608	172413	0.1311270
Chr2	12284281	12365377	159-1	6	NA	1	5	NA	18	NA	1	14	3	7	1247	81096	0.0153768
Chr5	24063875	24242523	159-2	6	NA	NA	6	NA	52	5	NA	31	16	8	3396	178648	0.0190094
Chr2	18567852	18821889	160-1	6	NA	NA	6	NA	69	4	1	52	11	19	5501	254037	0.0216543
Chr5	20878491	21095891	160-2	6	1	NA	3	2	59	12	1	31	15	9	2026	217400	0.0093192
Chr1	3535288	3614613	16-1	6	2	NA	2	2	24	4	1	12	7	5	1813	79325	0.0228553
Chr2	15106940	15291763	161-1	5	NA	NA	5	NA	52	4	1	37	10	9	5685	184823	0.0307592
Chr5	7355570	7482953	161-2	5	1	NA	4	NA	36	8	1	22	5	12	3596	127383	0.0282298
Chr1	22336994	22388527	16-2	6	1	NA	2	3	19	4	1	10	4	2	759	51533	0.0147284
Chr2	1574562	1902825	162-1	5	1	NA	1	2	54	20	6	18	8	199	93790	328263	0.2857160
Chr5	13857921	13925454	162-2	5	4	NA	NA	1	15	9	2	2	1	30	11373	67533	0.1684066
Chr2	8086572	8533779	163-1	17	6	1	7	3	119	33	6	51	29	50	20674	447207	0.0462292
Chr5	22929717	23399668	163-2	17	6	NA	9	2	116	16	2	76	22	34	23442	469951	0.0498818
Chr2	9810525	10055427	164-1	11	2	NA	5	4	63	10	2	35	15	38	32447	244902	0.1324897
Chr5	26725657	26912707	164-2	11	1	NA	9	1	56	2	1	44	9	15	8492	187050	0.0453996
Chr2	15695988	15802793	165-1	9	1	NA	8	NA	31	1	NA	25	5	5	1270	106805	0.0118908
Chr5	439019	583050	165-2	9	1	NA	8	NA	38	5	NA	28	5	5	1758	144031	0.0122057
Chr2	16828766	16963215	166-1	8	NA	NA	6	2	39	NA	1	27	11	2	1408	134449	0.0104724
Chr5	1553808	1620458	166-2	8	1	NA	6	1	25	3	1	19	2	2	1645	66650	0.0246812
Chr2	15778941	15947096	167-1	8	NA	NA	3	5	50	4	NA	30	16	7	1832	168155	0.0108947
Chr5	23785512	23949661	167-2	8	2	NA	6	NA	48	4	NA	37	7	0	0	164149	0.0000000
Chr2	12767610	13000825	168-1	7	NA	NA	7	NA	59	9	1	39	10	15	16672	233215	0.0714877
Chr5	23579786	23717775	168-2	7	NA	NA	6	1	41	7	NA	24	10	7	1781	137989	0.0129068
Chr2	15059763	15160799	169-1	6	NA	NA	6	NA	26	2	NA	20	4	6	5257	101036	0.0520310
Chr5	1878324	1952505	169-2	6	NA	NA	6	NA	19	3	NA	13	3	2	2321	74181	0.0312883
Chr2	11514600	11608450	170-1	6	2	NA	2	2	21	4	1	11	5	16	9424	93850	0.1004156
Chr5	7122774	7217244	170-2	6	2	NA	2	2	24	5	1	11	7	9	4005	94470	0.0423944
Chr1	23176930	23301141	17-1	5	2	NA	3	NA	33	4	3	18	8	8	3506	124211	0.0282262
Chr2	19011462	19110497	171-1	6	NA	NA	6	NA	30	3	1	22	4	0	0	99035	0.0000000
Chr5	21506620	21617714	171-2	6	NA	NA	5	1	26	6	NA	13	7	9	7468	111094	0.0672223
Chr1	23415155	23507178	17-2	5	NA	NA	4	1	30	2	NA	17	11	6	1880	92023	0.0204297
Chr2	12249649	12433796	172-1	6	1	NA	4	1	39	5	1	28	5	15	2992	184147	0.0162479
Chr5	465273	635207	172-2	6	2	NA	4	NA	53	4	1	39	9	10	2180	169934	0.0128285
Chr2	15944583	16102998	173-1	6	NA	NA	6	NA	39	5	4	26	4	12	6140	158415	0.0387590
Chr5	1589643	1740523	173-2	6	NA	NA	6	NA	49	10	1	25	12	33	17025	150880	0.1128380
Chr2	8404764	8488963	174-1	5	1	NA	2	2	22	6	2	8	6	6	6590	84199	0.0782670
Chr5	3803216	3873799	174-2	5	NA	NA	2	3	21	2	NA	12	7	0	0	70583	0.0000000
Chr2	14341355	14489767	175-1	5	NA	NA	5	NA	45	2	4	30	9	26	14165	148412	0.0954438
Chr5	18506382	18648886	175-2	5	NA	1	3	1	36	6	NA	26	4	25	10771	142504	0.0755838
Chr2	3345929	3439161	176-1	12	NA	2	NA	NA	27	NA	5	NA	2	4	1198	93232	0.0128497
ChrM	40502	182697	176-2	12	NA	NA	NA	NA	39	NA	NA	NA	NA	8	2962	142195	0.0208305
Chr2	3438742	3503476	177-1	10	NA	1	1	1	28	NA	11	3	1	5	2143	64734	0.0331047
ChrM	48113	112907	177-2	10	NA	NA	NA	NA	17	NA	NA	NA	NA	5	2152	64794	0.0332130
Chr2	3247003	3312651	178-1	13	NA	3	2	NA	26	NA	4	2	NA	4	1927	65648	0.0293535
ChrM	219077	283034	178-2	13	NA	NA	NA	NA	31	NA	NA	NA	NA	3	1770	63957	0.0276748
Chr2	3339740	3430483	179-1	11	NA	3	NA	1	27	NA	5	NA	1	5	1512	90743	0.0166624
ChrM	241953	326099	179-2	11	NA	NA	NA	NA	36	NA	NA	NA	NA	3	1038	84146	0.0123357
Chr3	7912905	8136204	180-1	9	NA	NA	6	3	65	6	9	36	14	24	9686	223299	0.0433768
Chr3	23336092	23419024	180-2	9	2	NA	6	1	26	4	NA	20	2	0	0	82932	0.0000000
Chr1	7754281	7855213	18-1	5	1	NA	2	2	24	5	NA	14	5	8	2820	100932	0.0279396
Chr3	5899515	6027694	181-1	6	NA	1	3	2	39	7	3	19	10	9	5125	128179	0.0399831
Chr3	7901905	8048667	181-2	6	NA	4	2	NA	47	4	7	26	10	15	6154	146762	0.0419318
Chr1	13229931	13696042	18-2	5	NA	NA	3	2	32	6	16	7	3	288	171396	466111	0.3677150
Chr3	2212289	2366496	182-1	6	NA	NA	6	NA	41	7	NA	23	11	12	1877	154207	0.0121720
Chr3	9005939	9210653	182-2	6	NA	NA	4	2	62	10	1	33	18	15	2743	204714	0.0133992
Chr3	3372092	3581359	183-1	11	1	NA	8	2	72	7	4	51	10	8	3087	209267	0.0147515
Chr3	20610671	20991280	183-2	11	1	NA	8	2	115	13	7	68	27	35	26472	380609	0.0695517
Chr3	11877866	13145953	184-1	8	NA	8	NA	NA	57	5	33	13	4	869	615023	1268087	0.4850006
Chr3	13162787	15143695	184-2	8	NA	8	NA	NA	70	11	40	10	9	1211	954717	1980908	0.4819593
Chr3	210119	348847	185-1	8	1	NA	6	1	55	7	NA	41	7	3	3734	138728	0.0269160
Chr3	9885202	10305849	185-2	8	1	NA	5	2	110	16	9	53	32	84	36569	420647	0.0869351
Chr3	1625528	1735765	186-1	5	NA	NA	4	1	30	5	1	17	7	4	3255	110237	0.0295273
Chr3	2015831	2153864	186-2	5	1	NA	2	2	38	6	NA	21	11	6	1249	138033	0.0090486
Chr3	5616801	5795827	187-1	13	3	NA	9	1	55	12	3	34	6	11	12542	179026	0.0700569
Chr4	8970654	9204147	187-2	13	4	1	6	2	70	14	4	37	14	34	21552	233493	0.0923026
Chr3	22733243	22897732	188-1	7	1	NA	6	NA	47	7	1	34	4	7	1030	164489	0.0062618
Chr4	12220641	12505774	188-2	7	NA	NA	6	1	73	11	1	47	14	23	16002	285133	0.0561212
Chr3	18973126	19107797	189-1	6	2	NA	4	NA	43	6	NA	26	11	6	1297	134671	0.0096309
Chr4	16553145	16799823	189-2	6	3	NA	3	NA	66	7	1	46	11	15	5529	246678	0.0224138
Chr3	22939388	23014030	190-1	5	NA	NA	5	NA	22	3	NA	12	7	1	96	74642	0.0012861
Chr4	620691	785340	190-2	5	NA	NA	4	1	41	4	NA	26	11	31	13819	164649	0.0839301
Chr1	4515464	4599141	19-1	5	NA	NA	4	1	19	2	NA	13	4	4	1587	83677	0.0189658
Chr3	7792549	8902835	191-1	61	15	NA	33	13	267	44	21	145	57	139	115337	1110286	0.1038804
Chr4	7761362	8648832	191-2	61	12	NA	37	12	229	40	10	130	49	110	55896	887470	0.0629835
Chr1	25686195	25834686	19-2	5	1	NA	4	NA	34	4	NA	24	6	24	20964	148491	0.1411803
Chr3	7557297	7709933	192-1	11	1	NA	8	2	48	4	3	30	11	7	1447	152636	0.0094801
Chr4	8709482	8925571	192-2	11	2	NA	6	3	46	5	NA	31	10	52	23815	216089	0.1102092
Chr3	8980400	9220836	193-1	11	1	NA	8	2	69	11	1	38	19	18	3116	240436	0.0129598
Chr4	7553375	7679950	193-2	11	NA	NA	7	4	34	3	NA	22	9	69	28266	126575	0.2233142
Chr3	18855043	19056447	194-1	11	NA	NA	10	1	64	6	1	47	10	26	12847	201404	0.0637872
Chr4	16995821	17330146	194-2	11	NA	NA	9	2	86	16	2	52	16	9	3636	334325	0.0108756
Chr3	18427735	18559326	195-1	7	NA	NA	6	1	42	5	1	22	14	11	3405	131591	0.0258756
Chr4	17541799	17758232	195-2	7	1	NA	6	NA	55	5	NA	39	11	12	7757	216433	0.0358402
Chr3	1623244	1691821	196-1	6	NA	NA	4	2	16	4	NA	8	4	1	3045	68577	0.0444026
Chr4	953690	1035596	196-2	6	1	NA	3	2	19	2	NA	12	5	36	19826	81906	0.2420580
Chr3	22630331	22742772	197-1	6	NA	NA	3	3	36	3	NA	21	12	8	5587	112441	0.0496883
Chr4	132018	299261	197-2	6	2	NA	3	1	48	10	3	24	11	14	4646	167243	0.0277799
Chr3	2857847	3925502	198-1	104	14	NA	64	26	330	47	7	204	72	52	21612	1067655	0.0202425
Chr5	413281	2169437	198-2	104	20	NA	65	19	527	80	16	327	102	107	40278	1756156	0.0229353
Chr3	363881	1156876	199-1	89	12	1	56	20	251	42	3	152	54	21	11862	792995	0.0149585
Chr5	5037021	6136807	199-2	89	19	3	46	21	321	59	11	181	67	85	51294	1099786	0.0466400
Chr3	14324181	16468989	200-1	34	9	NA	15	10	225	38	56	96	32	1193	762058	2144808	0.3553036
Chr5	6836781	7690652	200-2	34	3	NA	23	8	216	43	4	121	46	82	34276	853871	0.0401419
Chr1	9775522	11108095	20-1	49	12	NA	28	9	301	59	8	166	68	200	122172	1332573	0.0916813
Chr3	17453423	18051778	201-1	31	5	NA	21	5	150	24	1	85	40	53	43564	598355	0.0728063
Chr5	25021200	25453845	201-2	31	4	NA	23	4	133	13	1	87	32	10	11192	432645	0.0258688
Chr2	14187914	14779106	20-2	49	4	NA	34	11	170	23	5	106	36	54	32819	591192	0.0555133
Chr3	1389371	1643253	202-1	19	5	NA	9	5	73	13	NA	45	15	7	2228	253882	0.0087757
Chr5	9572066	9961374	202-2	19	7	NA	7	5	79	26	10	25	17	140	79230	389308	0.2035149
Chr3	18417568	18481821	203-1	10	NA	NA	6	4	19	1	NA	11	7	5	1575	64253	0.0245125
Chr5	26281642	26369854	203-2	10	NA	NA	8	2	24	3	NA	17	4	3	501	88212	0.0056795
Chr3	17089013	17187821	204-1	10	2	NA	4	4	26	5	2	13	6	44	18596	98808	0.1882034
Chr5	23915440	24007907	204-2	10	NA	NA	7	3	31	1	NA	22	8	6	1489	92467	0.0161030
Chr3	18272283	18373147	205-1	10	2	NA	5	3	32	6	1	16	9	10	3672	100864	0.0364055
Chr5	8273519	8441364	205-2	10	2	NA	5	3	43	5	1	26	10	16	7287	167845	0.0434151
Chr3	4257882	4528646	206-1	10	4	NA	5	1	76	15	2	47	12	16	17221	270764	0.0636015
Chr5	22670186	23035693	206-2	10	NA	NA	7	3	104	14	4	62	23	20	33958	365507	0.0929066
Chr3	18052466	18215743	207-1	9	3	NA	5	1	43	9	1	23	10	24	8155	163277	0.0499458
Chr5	7971647	8133301	207-2	9	NA	1	4	4	43	4	1	33	5	11	2803	161654	0.0173395
Chr3	1215633	1277824	208-1	6	2	NA	2	2	22	6	NA	12	4	0	0	62191	0.0000000
Chr5	10454388	10725008	208-2	6	1	1	3	1	20	3	6	8	2	166	107819	270620	0.3984148
Chr3	17892738	18126742	209-1	7	1	NA	5	1	61	14	NA	33	14	32	13695	234004	0.0585246
Chr5	20451228	20720681	209-2	7	1	NA	5	NA	78	6	NA	34	14	38	23251	269453	0.0862896
Chr1	8626315	9467076	2-1	54	5	NA	41	8	233	29	9	126	45	94	39647	840761	0.0471561
Chr3	19601167	19686984	210-1	5	2	NA	2	1	27	4	2	16	5	5	1789	85817	0.0208467
Chr5	922048	1015345	210-2	5	NA	NA	4	1	20	3	NA	13	3	0	0	93297	0.0000000
Chr1	2353031	2422066	21-1	8	1	NA	7	NA	23	7	NA	15	1	7	1246	69035	0.0180488
Chr3	9971772	10092791	211-1	5	1	NA	2	2	31	3	2	15	11	30	12854	121019	0.1062147
Chr5	4553803	4617633	211-2	5	1	NA	4	NA	23	5	NA	13	5	2	153	63830	0.0023970
Chr2	12199075	12330059	21-2	8	NA	1	7	NA	26	2	1	21	2	11	2299	130984	0.0175518
Chr3	20813904	20910623	212-1	5	1	NA	4	NA	31	4	NA	20	7	8	6508	96719	0.0672877
Chr5	227953	352095	212-2	5	NA	NA	5	NA	33	NA	NA	26	7	5	2092	124142	0.0168517
Chr3	17943933	18078363	213-1	5	1	NA	4	NA	33	6	NA	20	7	19	9626	134430	0.0716060
Chr5	16280283	16437805	213-2	5	NA	NA	5	NA	46	11	1	29	5	12	8198	157522	0.0520435
Chr3	18482249	19097437	214-1	49	4	NA	37	8	169	20	6	114	29	73	46770	615188	0.0760255
Chr5	26404725	26967378	214-2	49	2	NA	35	12	176	9	1	133	33	26	14696	562653	0.0261191
Chr3	9881128	10519516	215-1	37	6	NA	17	14	154	21	13	81	38	156	74075	638388	0.1160344
Chr5	16061043	16455094	215-2	37	7	NA	21	9	106	19	1	63	22	32	18419	394051	0.0467427
Chr3	1609	343912	216-1	37	10	NA	20	7	124	16	3	83	22	8	9613	342303	0.0280833
Chr5	4539323	5033933	216-2	37	12	NA	20	5	149	30	3	89	27	23	15224	494610	0.0307798
Chr3	16477561	17088753	217-1	29	5	1	17	6	143	18	18	78	29	206	124788	611192	0.2041715
Chr5	24016610	24444365	217-2	29	4	NA	21	4	120	17	1	75	26	28	18186	427755	0.0425150
Chr3	2003393	2498095	218-1	28	3	NA	15	10	148	25	NA	83	40	21	3686	494702	0.0074510
Chr5	19520528	20137214	218-2	28	3	NA	18	7	164	23	8	99	34	74	31135	616686	0.0504876
Chr3	1795145	1949916	219-1	23	3	NA	13	7	48	5	NA	31	11	3	440	154771	0.0028429
Chr5	6163171	6515092	219-2	23	6	NA	11	6	90	22	3	49	16	44	23353	351921	0.0663586
Chr1	25280410	26380379	2-2	54	5	1	38	10	278	38	6	165	69	102	58080	1099969	0.0528015
Chr3	10822181	12451556	220-1	18	5	NA	12	1	153	20	45	62	24	1041	615927	1629375	0.3780143
Chr5	15504269	15968589	220-2	18	1	NA	15	2	124	16	20	70	15	156	77383	464320	0.1666588
Chr1	495050	698591	22-1	8	NA	NA	6	2	64	8	NA	44	12	15	14908	203541	0.0732432
Chr3	1644882	1785495	221-1	15	2	NA	9	4	43	6	1	27	9	5	1859	140613	0.0132207
Chr5	9247540	9521978	221-2	15	4	NA	6	5	60	16	7	24	13	83	60198	274438	0.2193501
Chr2	19366596	19603895	22-2	8	NA	NA	7	1	71	7	NA	51	13	3	1981	237299	0.0083481
Chr3	17241702	17429623	222-1	12	5	NA	6	1	46	10	1	27	8	63	35575	187921	0.1893083
Chr5	23699767	23879236	222-2	12	2	NA	8	2	54	5	NA	39	10	6	1022	179469	0.0056946
Chr3	2664069	2838202	223-1	10	1	NA	8	1	53	6	NA	30	17	7	5447	174133	0.0312807
Chr5	24934	337128	223-2	10	NA	NA	6	4	84	4	2	54	24	9	6903	312194	0.0221113
Chr3	20622607	20897747	224-1	9	NA	NA	9	NA	81	7	6	52	16	29	25206	275140	0.0916115
Chr5	1558486	1806761	224-2	9	2	NA	7	NA	83	15	2	48	17	33	17025	248275	0.0685732
Chr3	1317245	1367844	225-1	7	1	NA	5	1	17	2	NA	13	2	1	527	50599	0.0104152
Chr5	10028722	10278615	225-2	7	5	NA	1	1	15	5	4	5	1	139	80164	249893	0.3207933
Chr3	20398538	20624051	226-1	8	1	NA	6	1	64	11	3	35	15	27	12654	225513	0.0561121
Chr5	404346	630748	226-2	8	1	NA	7	NA	73	7	1	51	14	11	2650	226402	0.0117048
Chr3	8068418	8182095	227-1	5	NA	NA	3	2	27	2	3	15	7	12	16306	113677	0.1434415
Chr5	17551715	17631426	227-2	5	NA	NA	3	2	18	7	1	8	2	26	23658	79711	0.2967972
Chr3	19915257	20041210	228-1	5	1	NA	1	3	40	3	1	27	9	5	1082	125953	0.0085905
Chr5	23811292	23949661	228-2	5	NA	NA	3	2	41	3	NA	34	4	0	0	138369	0.0000000
Chr4	16946369	17090873	229-1	5	NA	NA	4	1	38	8	NA	21	9	4	2691	144504	0.0186223
Chr4	17998896	18131284	229-2	5	NA	NA	4	1	41	5	NA	29	7	0	0	132388	0.0000000
Chr4	1771833	2760912	230-1	32	8	NA	16	8	142	34	24	53	30	450	261047	989079	0.2639294
Chr4	11258660	11773221	230-2	32	5	NA	20	7	136	23	3	84	26	42	28910	514561	0.0561838
Chr1	1331466	1421863	23-1	6	2	NA	4	NA	29	5	NA	16	8	3	10202	90397	0.1128577
Chr4	6985517	7454546	231-1	28	5	NA	17	6	118	19	1	75	21	109	50009	469029	0.1066224
Chr4	11813000	12140899	231-2	28	4	NA	18	6	89	12	4	59	14	32	13403	327899	0.0408754
Chr2	13857877	13968957	23-2	6	1	NA	2	3	33	5	NA	20	8	9	3237	111080	0.0291412
Chr4	6609418	6947413	232-1	21	4	1	13	3	75	13	7	40	15	104	47796	337995	0.1414104
Chr4	12228718	12514899	232-2	21	4	NA	14	3	73	10	1	48	14	23	16002	286181	0.0559157
Chr4	16498391	16826147	233-1	17	1	NA	15	1	90	8	1	66	14	15	5529	327756	0.0168693
Chr4	17922732	18265735	233-2	17	3	NA	12	2	107	16	2	70	19	11	9479	343003	0.0276353
Chr4	13120824	13283512	234-1	8	1	NA	5	2	48	5	NA	32	11	11	11231	162688	0.0690340
Chr4	14487804	14835792	234-2	8	1	NA	3	4	91	19	2	49	21	4	1027	347988	0.0029513
Chr4	16498391	16674789	235-1	7	1	NA	6	NA	51	4	1	40	5	7	1695	176398	0.0096090
Chr4	17025866	17243583	235-2	7	1	NA	5	1	55	8	1	35	11	6	3142	217717	0.0144316
Chr4	950546	1047105	236-1	5	1	NA	4	NA	26	3	NA	17	6	37	19987	96559	0.2069926
Chr4	9029477	9133750	236-2	5	NA	1	3	1	30	4	1	20	5	12	11110	104273	0.1065472
Chr4	12577630	13169393	237-1	42	4	1	30	7	181	16	4	114	47	25	30161	591763	0.0509680
Chr5	20197391	21473602	237-2	42	8	NA	21	12	347	47	10	184	82	105	48708	1276211	0.0381661
Chr4	14566183	14936562	238-1	18	4	NA	9	5	91	19	1	47	24	4	1841	370379	0.0049706
Chr5	23044839	23454397	238-2	18	2	NA	13	3	105	12	1	74	18	24	10133	409558	0.0247413
Chr4	16944878	17316441	239-1	15	NA	NA	14	1	98	18	2	59	19	12	4002	371563	0.0107707
Chr5	26410344	26635885	239-2	15	NA	NA	14	1	77	5	NA	59	13	9	4863	225541	0.0215615
Chr4	15202288	15665032	240-1	12	NA	NA	11	1	131	21	NA	81	28	27	14184	462744	0.0306519
Chr5	8512042	8865677	240-2	12	1	NA	8	3	74	14	4	38	17	57	35623	353635	0.1007338
Chr1	23515680	23824359	24-1	6	1	NA	4	1	76	17	1	46	12	19	4155	308679	0.0134606
Chr4	17527642	17672353	241-1	8	1	NA	6	1	40	4	NA	28	8	7	2026	144711	0.0140003
Chr5	26842114	26933352	241-2	8	NA	NA	8	NA	23	1	NA	20	2	2	1768	91238	0.0193779
Chr2	18865923	18993371	24-2	6	NA	NA	5	1	42	8	1	27	6	1	282	127448	0.0022127
Chr4	13732832	13818184	242-1	6	NA	NA	5	1	27	3	NA	15	9	3	631	85352	0.0073929
Chr5	21817128	21977104	242-2	6	NA	NA	5	1	48	7	3	30	8	26	11513	159976	0.0719670
Chr4	12248842	12400231	243-1	6	1	NA	3	2	40	4	1	26	9	14	14640	151389	0.0967045
Chr5	16565303	16760576	243-2	6	2	NA	3	1	53	7	5	27	13	28	7143	195273	0.0365796
Chr4	9057228	9137415	244-1	5	2	NA	2	1	22	4	1	12	5	10	10573	80187	0.1318543
Chr5	19940462	19991580	244-2	5	NA	NA	3	2	15	NA	1	9	5	1	188	51118	0.0036778
Chr4	15636415	15941493	245-1	6	2	NA	4	NA	70	18	NA	39	13	17	6776	305078	0.0222107
Chr5	3580396	3845711	245-2	6	2	NA	4	NA	75	12	NA	33	30	7	1306	265315	0.0049225
Chr4	18448865	18580717	246-1	5	NA	NA	4	1	41	4	NA	30	7	8	6846	131852	0.0519219
Chr5	3157694	3273429	246-2	5	NA	NA	5	NA	34	5	1	26	1	9	4186	115735	0.0361688
Chr4	9648467	11032677	247-1	93	15	1	49	28	361	54	7	217	81	139	71563	1384210	0.0516995
Chr5	17923802	19345110	247-2	93	14	NA	57	22	365	55	17	202	91	179	81749	1421308	0.0575167
Chr4	13116028	13498820	248-1	44	4	NA	29	11	120	14	2	70	34	32	20876	382792	0.0545361
Chr5	22606634	23365805	248-2	44	5	1	27	10	197	27	6	118	43	65	56623	759171	0.0745853
Chr4	13430405	13769961	249-1	35	5	NA	16	14	100	15	3	53	29	14	9101	339556	0.0268026
Chr5	21956580	22538556	249-2	35	10	NA	19	6	167	31	3	104	28	62	22109	581976	0.0379895
Chr4	11133095	11229616	250-1	8	NA	NA	7	1	28	4	1	19	4	14	4487	96521	0.0464873
Chr5	17849536	17916993	250-2	8	NA	NA	7	1	16	1	NA	11	4	16	6632	67457	0.0983145
Chr1	28639453	28717910	25-1	5	2	NA	2	1	20	4	NA	14	2	4	4318	78457	0.0550365
Chr4	14043940	14212050	251-1	8	4	NA	3	1	46	9	NA	26	11	4	697	168110	0.0041461
Chr5	17643982	17832779	251-2	8	3	NA	5	NA	42	14	NA	24	4	24	9591	188797	0.0508006
Chr2	7466687	7609278	25-2	5	2	NA	2	1	37	9	1	19	8	37	16489	142591	0.1156384
Chr4	17752079	17875268	252-1	7	NA	NA	7	NA	31	2	NA	23	6	4	2226	123189	0.0180698
Chr5	26177917	26330746	252-2	7	NA	NA	7	NA	36	3	NA	26	7	16	8497	152829	0.0555981
Chr4	17379173	17497276	253-1	7	1	NA	6	NA	32	6	1	19	6	8	1593	118103	0.0134882
Chr5	26725657	26822432	253-2	7	1	NA	6	NA	31	1	1	24	5	4	4002	96775	0.0413537
Chr4	13821019	13917500	254-1	6	NA	NA	2	4	29	2	NA	18	9	1	858	96481	0.0088929
Chr5	21634314	21749279	254-2	6	1	NA	2	3	24	6	1	8	9	5	2528	114965	0.0219893
Chr4	18428809	18507703	255-1	6	NA	NA	5	1	22	1	NA	17	4	4	767	78894	0.0097219
Chr5	25964912	26041045	255-2	6	NA	NA	6	NA	19	NA	1	14	4	3	958	76133	0.0125832
Chr4	12934562	13031803	256-1	5	1	NA	4	NA	30	4	1	19	6	6	1431	97241	0.0147160
Chr5	24939239	25037191	256-2	5	1	NA	4	NA	26	3	1	20	2	1	3856	97952	0.0393662
Chr4	126509	293492	257-1	5	2	NA	3	NA	50	9	3	26	12	14	3657	166983	0.0219004
Chr5	16507475	16589390	257-2	5	2	NA	3	NA	21	3	NA	11	6	12	3894	81915	0.0475371
Chr5	2699158	3343079	258-1	46	8	NA	30	8	193	36	2	118	35	36	18094	643921	0.0280997
Chr5	25423370	26239219	258-2	46	8	NA	27	11	233	28	2	143	59	27	20466	815849	0.0250855
Chr5	3347381	3877004	259-1	24	3	1	16	4	149	20	1	83	45	17	7290	529623	0.0137645
Chr5	8512042	9140257	259-2	24	4	NA	14	6	137	27	4	70	35	122	68254	628215	0.1086475
Chr5	2635832	2758540	260-1	18	7	NA	6	5	38	12	1	14	11	2	5325	122708	0.0433957
Chr5	7749030	7971101	260-2	18	3	NA	10	5	59	8	NA	32	17	27	28702	222071	0.1292470
Chr1	1457007	2212718	26-1	80	10	1	53	16	229	28	2	147	49	29	14439	755711	0.0191065
Chr5	745421	834549	261-1	5	NA	NA	4	1	27	5	NA	20	2	2	347	89128	0.0038933
Chr5	24320411	24462595	261-2	5	NA	NA	4	1	36	7	1	21	7	12	9683	142184	0.0681019
Chr2	12780069	13827425	26-2	80	13	1	50	16	282	40	5	180	56	85	63298	1047356	0.0604360
Chr5	16280283	16433305	262-1	5	NA	NA	5	NA	45	11	1	28	5	12	8198	153022	0.0535740
Chr5	25365230	25451419	262-2	5	NA	NA	4	1	28	1	NA	19	8	1	228	86189	0.0026453
Chr5	20505089	20638104	263-1	5	NA	NA	2	1	46	1	NA	15	6	26	11618	133015	0.0873435
Chr5	25379931	25435834	263-2	5	NA	NA	3	2	18	1	NA	11	6	0	0	55903	0.0000000
Chr5	2222763	2617951	264-1	35	8	1	19	7	105	19	5	62	18	35	16437	395188	0.0415929
Chr5	24471208	25002358	264-2	35	7	NA	23	5	146	24	4	87	31	19	13298	531150	0.0250362
Chr5	3137289	3224788	265-1	13	2	NA	7	4	25	3	NA	17	5	2	390	87499	0.0044572
Chr5	25958995	26057533	265-2	13	2	NA	10	1	27	2	1	19	5	3	958	98538	0.0097221
Chr5	3897893	3939596	266-1	5	2	NA	2	1	10	3	1	4	2	4	6303	41703	0.1511402
Chr5	6523954	6585355	266-2	5	2	NA	3	NA	17	5	NA	10	2	0	0	61401	0.0000000
Chr5	4871531	4939207	267-1	5	NA	NA	5	NA	17	2	NA	13	2	1	1317	67676	0.0194604
Chr5	15912860	16004253	267-2	5	NA	NA	3	2	24	8	3	9	4	30	9679	91393	0.1059053
ChrC	84337	110436	268-1	8	NA	NA	NA	NA	9	NA	NA	NA	NA	1	91	26099	0.0034867
ChrC	129244	152806	268-2	8	NA	NA	NA	NA	6	NA	NA	NA	NA	0	0	23562	0.0000000
ChrM	40502	170737	269-1	6	NA	NA	NA	NA	36	NA	NA	NA	NA	8	2962	130235	0.0227435
ChrM	241953	318588	269-2	6	NA	NA	NA	NA	33	NA	NA	NA	NA	2	723	76635	0.0094343
Chr1	4650606	5204494	27-1	57	5	NA	33	19	168	19	4	102	43	23	12294	553888	0.0221958
Chr2	81710	1331919	27-2	57	13	1	24	19	304	58	24	150	72	320	153184	1250209	0.1225267
Chr1	2223625	2555229	28-1	29	5	NA	19	5	106	23	NA	67	16	23	15984	331604	0.0482021
Chr2	12009956	12698573	28-2	29	4	NA	19	6	159	25	4	106	24	38	18319	688617	0.0266026
Chr1	11649	302310	29-1	20	1	NA	14	5	87	7	2	61	17	12	6344	290661	0.0218261
Chr2	18836374	19260906	29-2	20	2	NA	15	3	121	15	3	87	16	18	8622	424532	0.0203094
Chr1	11198353	11821824	30-1	20	7	1	10	2	139	34	11	65	29	181	106187	623471	0.1703159
Chr2	14834666	14982835	30-2	20	4	NA	14	2	46	7	2	30	6	9	3244	148169	0.0218939
Chr1	2882491	3491277	3-1	38	5	NA	25	8	180	30	2	108	40	23	18807	608786	0.0308926
Chr1	1208521	1416218	31-1	16	2	NA	13	1	59	9	NA	39	11	10	11459	207697	0.0551717
Chr2	13965531	14174144	31-2	16	2	NA	10	4	56	8	1	35	12	6	1549	208613	0.0074252
Chr1	21024482	22212171	3-2	38	5	1	20	12	247	42	17	126	46	256	96325	1187689	0.0811029
Chr1	9089469	9376828	32-1	12	1	NA	8	3	83	7	3	50	23	41	16852	287359	0.0586444
Chr2	767500	1185458	32-2	12	5	1	4	2	112	25	8	49	30	98	43174	417958	0.1032975
Chr1	26651840	26815922	33-1	10	1	NA	8	1	46	4	3	32	7	5	2218	164082	0.0135176
Chr2	150585	290573	33-2	10	NA	NA	10	NA	37	7	NA	20	10	21	8861	139988	0.0632983
Chr1	28241011	28483946	34-1	10	1	NA	7	2	59	4	NA	46	9	11	7877	242935	0.0324243
Chr2	7739675	7971017	34-2	10	1	NA	6	3	61	8	4	31	17	41	29222	231342	0.1263151
Chr1	25957567	26269013	35-1	9	NA	NA	7	2	78	11	NA	50	17	39	24133	311446	0.0774869
Chr2	799591	1137572	35-2	9	2	1	3	3	86	18	5	39	24	86	39426	337981	0.1166515
Chr1	24551807	24807557	36-1	8	2	NA	5	1	59	8	7	36	8	42	24564	255750	0.0960469
Chr2	165290	469370	36-2	8	3	NA	5	NA	71	14	NA	39	18	39	19317	304080	0.0635260
Chr1	6756237	6965443	37-1	7	NA	NA	5	2	56	5	NA	37	14	7	1493	209206	0.0071365
Chr2	9018099	9259511	37-2	7	1	NA	4	2	69	14	NA	37	17	33	31061	241412	0.1286639
Chr1	6756237	7023162	38-1	7	NA	NA	5	2	75	6	NA	48	21	10	10255	266925	0.0384190
Chr2	7699630	7964326	38-2	7	NA	NA	3	4	68	9	4	35	19	41	27693	264696	0.1046219
Chr1	28244317	28448735	39-1	6	1	NA	3	2	48	3	NA	38	7	10	7780	204418	0.0380593
Chr2	9083009	9259511	39-2	6	1	NA	4	1	48	10	NA	26	12	21	15545	176502	0.0880727
Chr1	979307	1096510	40-1	5	2	NA	3	NA	33	8	NA	19	6	0	0	117203	0.0000000
Chr2	8752315	8841972	40-2	5	2	NA	3	NA	27	8	NA	13	6	7	7388	89657	0.0824029
Chr1	5252285	5501358	4-1	27	5	NA	16	6	79	8	NA	55	16	34	17548	249073	0.0704532
Chr1	7119671	7281236	41-1	5	1	NA	3	1	45	10	NA	24	11	17	19271	161565	0.1192771
Chr2	7563781	7670878	41-2	5	2	NA	2	1	22	5	NA	9	8	33	29440	107097	0.2748910
Chr1	30092807	30403726	4-2	27	2	NA	19	6	98	10	NA	68	20	9	19172	310919	0.0616624
Chr1	17681157	19336135	42-1	108	25	3	58	22	411	76	18	224	93	242	149986	1654978	0.0906272
Chr3	5844277	7530686	42-2	108	23	NA	56	29	478	79	14	267	116	95	52645	1686409	0.0312172
Chr1	4507221	4618449	43-1	13	3	NA	7	3	27	4	NA	17	6	4	1587	111228	0.0142680
Chr3	9278878	9516930	43-2	13	3	NA	7	3	60	7	3	39	9	32	13668	238052	0.0574160
Chr1	1128149	1210026	44-1	7	1	NA	4	2	23	4	NA	13	6	3	2172	81877	0.0265276
Chr3	8180646	8375098	44-2	7	NA	1	4	2	45	6	2	25	12	28	16742	194452	0.0860984
Chr1	568558	698591	45-1	7	1	NA	5	1	41	5	NA	27	9	9	7638	130033	0.0587389
Chr3	23142485	23261927	45-2	7	1	NA	5	1	39	1	NA	33	5	3	725	119442	0.0060699
Chr1	25792593	25882222	46-1	6	NA	NA	4	2	19	4	NA	11	4	3	449	89629	0.0050095
Chr3	9305696	9397766	46-2	6	NA	NA	5	1	19	3	3	12	1	21	11378	92070	0.1235799
Chr1	27613420	27784920	47-1	7	1	NA	4	2	46	4	1	32	9	4	799	171500	0.0046589
Chr3	6073731	6355463	47-2	7	3	NA	3	1	82	19	1	41	21	6	1237	281732	0.0043907
Chr1	25572119	25850131	48-1	6	NA	NA	4	2	65	6	NA	46	13	41	24402	278012	0.0877732
Chr3	6260135	6385815	48-2	6	1	NA	5	NA	36	10	1	19	5	4	868	125680	0.0069064
Chr1	1001116	1029119	49-1	5	1	NA	4	NA	10	1	NA	8	1	0	0	28003	0.0000000
Chr3	8338871	8405289	49-2	5	1	1	1	2	15	3	1	7	4	7	1519	66418	0.0228703
Chr1	6688463	6969009	50-1	6	1	NA	4	1	76	10	1	48	17	17	10797	280546	0.0384857
Chr3	18861749	19044393	50-2	6	NA	NA	6	NA	60	6	1	46	7	22	11673	182644	0.0639112
Chr1	4677004	4918138	5-1	12	NA	NA	6	6	76	7	3	40	26	9	7105	241134	0.0294649
Chr1	5615808	5731934	51-1	5	1	NA	3	1	29	10	NA	14	5	12	4334	116126	0.0373215
Chr3	4030387	4162065	51-2	5	2	NA	2	1	37	5	NA	27	5	2	260	131678	0.0019745
Chr1	9089469	9361833	5-2	12	1	NA	9	2	80	6	3	49	22	37	12096	272364	0.0444112
Chr1	28351522	28483946	52-1	5	1	NA	3	1	32	3	NA	25	4	4	4564	132424	0.0344651
Chr3	18964129	19049454	52-2	5	1	NA	4	NA	26	3	NA	17	6	4	873	85325	0.0102315
Chr1	19305081	20267859	53-1	87	23	NA	44	19	262	45	7	146	56	159	77742	962778	0.0807476
Chr3	4591035	5612203	53-2	87	16	NA	53	18	288	43	1	184	60	49	19780	1021168	0.0193700
Chr1	20560258	21119241	54-1	39	7	3	19	10	156	32	5	89	30	81	48301	558983	0.0864087
Chr3	3993886	4544364	54-2	39	6	NA	24	9	155	26	2	97	30	22	18608	550478	0.0338033
Chr1	4368760	4478005	55-1	14	3	NA	8	3	33	7	NA	20	6	5	5125	109245	0.0469129
Chr3	9555667	9867652	55-2	14	4	1	3	6	79	11	3	47	18	59	31948	311985	0.1024024
Chr1	25893971	26402815	56-1	15	NA	NA	10	5	126	19	1	80	26	55	30991	508844	0.0609047
Chr3	10590685	12139438	56-2	15	4	1	6	4	192	33	48	74	35	899	478988	1548753	0.3092733
Chr1	11649	337912	57-1	11	2	NA	9	NA	97	10	2	65	20	13	6454	326263	0.0197816
Chr3	22491935	22951323	57-2	11	1	NA	6	4	125	16	1	84	20	52	24251	459388	0.0527898
Chr1	9215770	9449046	58-1	9	NA	NA	7	2	63	2	1	41	19	24	11680	233276	0.0500694
Chr3	10669428	11075651	58-2	9	4	1	3	1	82	14	16	35	17	150	69036	406223	0.1699461
Chr1	5248664	5366497	59-1	8	1	NA	5	2	34	5	NA	19	10	8	5443	117833	0.0461925
Chr3	5265695	5454762	59-2	8	NA	NA	6	2	57	7	NA	40	10	9	2676	189067	0.0141537
Chr1	29707625	29812683	60-1	7	1	NA	6	NA	29	6	NA	16	7	1	878	105058	0.0083573
Chr3	4033387	4187371	60-2	7	3	NA	4	NA	43	6	NA	28	9	3	454	153984	0.0029484
Chr1	4713433	4918138	6-1	9	NA	NA	5	4	68	6	3	35	24	6	3376	204705	0.0164920
Chr1	8944609	9039540	61-1	6	2	NA	3	1	20	7	NA	12	1	7	5155	94931	0.0543026
Chr3	9306766	9475350	61-2	6	1	NA	4	1	36	5	3	23	3	30	12971	168584	0.0769409
Chr1	26038905	26269013	6-2	9	2	NA	5	2	58	9	NA	37	12	14	15434	230108	0.0670729
Chr1	18098081	18179264	62-1	5	NA	NA	5	NA	24	3	1	17	3	11	4134	81183	0.0509220
Chr3	6324579	6404053	62-2	5	NA	NA	5	NA	22	5	NA	13	3	3	605	79474	0.0076126
Chr1	584134	654457	63-1	5	NA	NA	3	2	24	2	NA	18	4	3	921	70323	0.0130967
Chr3	1593047	1687583	63-2	5	NA	NA	4	1	26	6	NA	13	7	2	3600	94536	0.0380807
Chr1	30085750	30183561	64-1	5	1	NA	3	1	31	5	NA	19	7	1	103	97811	0.0010531
Chr3	5278019	5411278	64-2	5	1	NA	3	1	41	4	NA	29	8	8	2449	133259	0.0183777
Chr1	453107	931985	65-1	40	5	NA	26	9	153	17	1	97	37	40	26538	478878	0.0554170
Chr4	694582	1604628	65-2	40	12	NA	18	10	232	47	9	119	55	181	71302	910046	0.0783499
Chr1	49909	204440	66-1	17	1	NA	13	3	50	4	1	38	7	4	1236	154531	0.0079984
Chr4	345911	570299	66-2	17	1	NA	11	5	72	10	4	40	18	32	19291	224388	0.0859716
Chr1	22819601	23145531	67-1	14	NA	NA	11	3	74	11	1	45	17	28	12585	325930	0.0386126
Chr4	11548606	11881088	67-2	14	1	NA	10	3	100	13	3	69	15	37	17342	332482	0.0521592
Chr1	900732	1106241	68-1	11	3	1	7	NA	59	11	1	37	10	1	196	205509	0.0009537
Chr4	13977303	14194302	68-2	11	3	NA	5	3	66	11	NA	41	14	8	1504	216999	0.0069309
Chr1	204935	291203	69-1	10	NA	NA	8	2	26	2	NA	16	8	5	1796	86268	0.0208188
Chr4	126509	268097	69-2	10	2	NA	6	2	41	8	3	20	10	13	3396	141588	0.0239851
Chr1	12748571	13208289	70-1	10	2	1	5	2	81	9	19	27	10	266	110051	459718	0.2393881
Chr4	5729169	6052380	70-2	10	1	NA	5	3	60	11	7	21	13	141	80248	323211	0.2482836
Chr1	21938367	22195400	7-1	8	2	NA	4	2	50	9	4	29	8	54	20552	257033	0.0799586
Chr1	23915570	24033674	71-1	8	1	NA	6	1	31	5	NA	16	10	11	8443	118104	0.0714878
Chr4	12403454	12533924	71-2	8	1	NA	6	1	36	4	NA	25	7	9	1362	130470	0.0104392
Chr1	26323086	26533460	7-2	8	1	NA	4	3	52	8	1	37	6	16	7103	210374	0.0337637
Chr1	29246074	29538712	72-1	8	NA	NA	5	3	77	3	2	58	14	25	15412	292638	0.0526658
Chr4	5377064	5807741	72-2	8	2	NA	4	2	65	19	16	15	15	210	96332	430677	0.2236757
Chr1	28251626	28477802	73-1	6	NA	NA	4	2	55	4	NA	42	9	11	7877	226176	0.0348269
Chr4	16498391	16674789	73-2	6	1	NA	5	NA	51	4	1	40	5	7	1695	176398	0.0096090
Chr1	7817609	7950900	74-1	6	1	NA	3	2	35	2	NA	27	6	10	2508	133291	0.0188160
Chr4	5500313	5811846	74-2	6	1	NA	4	1	48	11	12	12	13	167	68868	311533	0.2210616
Chr1	23685093	23818481	75-1	5	NA	NA	5	NA	36	3	NA	25	8	5	1710	133388	0.0128197
Chr4	12248842	12346051	75-2	5	NA	NA	4	1	27	3	1	17	6	5	1315	97209	0.0135276
Chr1	10454433	10630630	76-1	5	NA	NA	5	NA	36	7	1	23	5	47	26652	176197	0.1512625
Chr4	10061214	10165583	76-2	5	NA	NA	5	NA	31	3	NA	25	3	2	382	104369	0.0036601
Chr1	3919237	4044046	77-1	5	1	NA	4	NA	38	8	1	17	12	10	2224	124809	0.0178192
Chr4	11619735	11719873	77-2	5	1	NA	4	NA	26	1	1	22	2	13	7146	100138	0.0713615
Chr1	30114449	30227575	78-1	5	NA	NA	3	2	39	5	NA	26	8	2	369	113126	0.0032618
Chr4	15574869	15726141	78-2	5	1	NA	4	NA	39	7	NA	27	5	4	1857	151272	0.0122759
Chr1	11858080	12710665	79-1	27	9	1	12	5	173	23	19	87	43	259	127893	852585	0.1500062
Chr4	5994258	6566625	79-2	27	6	NA	8	13	131	24	13	57	34	195	100366	572367	0.1753525
Chr1	10854517	11578030	80-1	17	9	NA	7	1	159	36	12	84	27	161	66057	723513	0.0913004
Chr4	10404393	11029736	80-2	17	1	NA	8	8	156	30	3	88	33	80	38150	625343	0.0610065
Chr1	2779438	2915406	8-1	7	1	NA	4	2	30	8	NA	13	9	4	497	135968	0.0036553
Chr1	23689603	23989425	81-1	11	1	NA	9	1	82	11	NA	51	20	21	11436	299822	0.0381426
Chr4	6646400	6905848	81-2	11	1	NA	7	3	54	10	5	31	8	81	35581	259448	0.1371412
Chr1	20371469	20545861	8-2	7	1	NA	3	3	46	6	3	27	10	26	6815	174392	0.0390786
Chr1	28244317	28634588	82-1	12	1	NA	6	5	106	5	1	79	21	16	9289	390271	0.0238014
Chr4	17906821	18271198	82-2	12	3	NA	6	3	113	17	2	73	21	11	9479	364377	0.0260143
Chr1	28163344	28477802	83-1	10	NA	NA	8	2	83	6	NA	63	14	12	8116	314458	0.0258095
Chr4	17025866	17349218	83-2	10	1	NA	7	2	86	13	2	54	17	9	3636	323352	0.0112447
Chr1	6662417	7023162	84-1	10	NA	NA	7	3	101	12	1	62	26	21	19719	360745	0.0546619
Chr4	16970667	17358343	84-2	10	1	NA	7	2	104	17	2	63	22	10	3734	387676	0.0096318
Chr1	23131928	23427408	85-1	9	1	1	4	3	76	11	5	41	19	27	15605	295480	0.0528124
Chr4	7055740	7401087	85-2	9	NA	NA	7	2	79	16	1	50	12	70	34253	345347	0.0991843
Chr1	22819601	23073545	86-1	8	NA	NA	5	3	58	9	NA	33	16	21	7226	253944	0.0284551
Chr4	1890412	2485994	86-2	8	3	NA	4	1	71	17	14	20	19	284	164082	595582	0.2754986
Chr1	3750066	3877323	87-1	7	2	NA	5	NA	39	6	1	25	7	18	9247	127257	0.0726640
Chr4	11326958	11477814	87-2	7	NA	NA	5	2	35	9	1	16	9	19	18942	150856	0.1255635
Chr1	474373	529069	88-1	6	2	NA	4	NA	17	3	NA	13	1	4	6449	54696	0.1179062
Chr4	785340	871126	88-2	6	1	NA	1	4	22	2	NA	14	6	13	4871	85786	0.0567808
Chr1	1128149	1206009	89-1	6	1	NA	3	2	21	4	NA	11	6	3	2172	77860	0.0278962
Chr4	8251998	8360996	89-2	6	2	NA	4	NA	26	3	NA	20	3	12	7468	108998	0.0685150
Chr1	6756237	7020690	90-1	7	NA	NA	4	3	75	6	NA	48	21	10	7783	264453	0.0294306
Chr4	18015173	18271198	90-2	7	3	NA	2	2	75	10	2	51	12	7	4915	256025	0.0191973
Chr1	19455495	19663301	9-1	6	2	NA	1	3	64	14	1	33	16	40	22764	207806	0.1095445
Chr1	26939567	27105663	91-1	6	1	NA	4	1	40	7	3	23	6	2	485	166096	0.0029200
Chr4	6024042	6263509	91-2	6	1	NA	1	4	55	13	6	25	10	94	39721	239467	0.1658725
Chr1	30041989	30197896	9-2	6	2	NA	4	NA	50	8	NA	30	12	2	264	155907	0.0016933
Chr1	7131166	7274072	92-1	5	NA	NA	4	1	40	9	NA	24	7	17	12107	142906	0.0847200
Chr4	16830692	16901596	92-2	5	NA	NA	5	NA	23	2	NA	17	4	27	11731	70904	0.1654491
Chr1	23481907	23952839	93-1	27	6	NA	16	5	123	22	1	78	22	37	14279	470932	0.0303207
Chr5	16468327	16818955	93-2	27	7	NA	14	6	98	20	5	46	26	44	12440	350628	0.0354792
Chr1	24595774	25185939	94-1	26	2	NA	19	5	127	19	10	75	23	70	36305	590165	0.0615167
Chr5	14866057	15483250	94-2	26	4	NA	16	6	135	22	2	85	26	214	87946	617193	0.1424935
Chr1	2250920	2422066	95-1	12	1	NA	9	2	57	16	NA	35	6	9	1716	171146	0.0100265
Chr5	23775891	24146729	95-2	12	3	NA	7	2	114	9	NA	79	26	18	4691	370838	0.0126497
Chr1	2331136	2432091	96-1	6	1	NA	3	2	36	8	NA	22	6	9	1716	100955	0.0169977
Chr5	470182	637568	96-2	6	2	NA	4	NA	53	5	1	38	9	10	2180	167386	0.0130238
Chr1	2120991	2193836	97-1	5	NA	NA	4	1	26	3	1	17	5	0	0	72845	0.0000000
Chr5	23582495	23681935	97-2	5	NA	NA	4	1	29	6	NA	17	6	7	1781	99440	0.0179103
Chr1	944572	1206009	98-1	31	7	NA	17	7	69	17	1	38	13	3	2172	261437	0.0083079
Chr5	17389600	17835810	98-2	31	10	NA	17	4	107	29	7	56	15	93	53805	446210	0.1205822
Chr1	17009051	17321202	99-1	10	2	NA	4	4	55	10	4	25	14	101	62719	312151	0.2009252
Chr5	17161156	17248290	99-2	10	3	1	4	2	28	5	5	15	3	10	3162	87134	0.0362889
