Species,Duplication,Similarity,Number,PhyloOrder,Percent2,Percent
Aduranensis,dispersed,Different,1024,35,0.223580786026201,0.185104844540853
Aduranensis,proximal,Different,204,35,0.218415417558887,0.182632050134288
Aduranensis,tandem,Different,229,35,0.22718253968254,0.194893617021277
Aduranensis,transposed,Different,749,35,0.197260995522781,0.175286683828692
Aduranensis,wgd,Different,578,35,0.2668513388735,0.211025921869295
Aduranensis,dispersed,Same,3556,35,0.776419213973799,0.642805495300072
Aduranensis,proximal,Same,730,35,0.781584582441114,0.653536257833483
Aduranensis,tandem,Same,779,35,0.77281746031746,0.662978723404255
Aduranensis,transposed,Same,3048,35,0.802739004477219,0.713316171308214
Aduranensis,wgd,Same,1588,35,0.7331486611265,0.579773640014604
Aduranensis,dispersed,Undetermined,952,35,NA,0.172089660159074
Aduranensis,proximal,Undetermined,183,35,NA,0.163831692032229
Aduranensis,tandem,Undetermined,167,35,NA,0.142127659574468
Aduranensis,transposed,Undetermined,476,35,NA,0.111397144863094
Aduranensis,wgd,Undetermined,573,35,NA,0.209200438116101
Aipaensis,dispersed,Different,1247,34,0.204627502461437,0.177711272623628
Aipaensis,proximal,Different,248,34,0.182890855457227,0.162943495400788
Aipaensis,tandem,Different,263,34,0.19409594095941,0.173140223831468
Aipaensis,transposed,Different,936,34,0.174887892376682,0.158805564981337
Aipaensis,wgd,Different,644,34,0.247311827956989,0.203347016103568
Aipaensis,dispersed,Same,4847,34,0.795372497538563,0.690751033205073
Aipaensis,proximal,Same,1108,34,0.817109144542773,0.727989487516426
Aipaensis,tandem,Same,1092,34,0.80590405904059,0.71889400921659
Aipaensis,transposed,Same,4416,34,0.825112107623318,0.74923651170682
Aipaensis,wgd,Same,1960,34,0.752688172043011,0.618882222923903
Aipaensis,dispersed,Undetermined,923,34,NA,0.131537694171298
Aipaensis,proximal,Undetermined,166,34,NA,0.109067017082786
Aipaensis,tandem,Undetermined,164,34,NA,0.107965766951942
Aipaensis,transposed,Undetermined,542,34,NA,0.0919579233118425
Aipaensis,wgd,Undetermined,563,34,NA,0.177770760972529
Alyrata,dispersed,Different,562,20,0.254528985507246,0.184746877054569
Alyrata,proximal,Different,141,20,0.238983050847458,0.16627358490566
Alyrata,tandem,Different,223,20,0.176843774781919,0.127501429388222
Alyrata,transposed,Different,432,20,0.258527827648115,0.18815331010453
Alyrata,wgd,Different,381,20,0.153319919517103,0.107809847198642
Alyrata,dispersed,Same,1646,20,0.745471014492754,0.541091387245233
Alyrata,proximal,Same,449,20,0.761016949152542,0.529481132075472
Alyrata,tandem,Same,1038,20,0.823156225218081,0.593481989708405
Alyrata,transposed,Same,1239,20,0.741472172351885,0.539634146341463
Alyrata,wgd,Same,2104,20,0.846680080482897,0.595359366157329
Alyrata,dispersed,Undetermined,834,20,NA,0.274161735700197
Alyrata,proximal,Undetermined,258,20,NA,0.304245283018868
Alyrata,tandem,Undetermined,488,20,NA,0.279016580903373
Alyrata,transposed,Undetermined,625,20,NA,0.272212543554007
Alyrata,wgd,Undetermined,1049,20,NA,0.296830786644029
Athaliana,dispersed,Different,347,19,0.222293401665599,0.154910714285714
Athaliana,proximal,Different,91,19,0.197826086956522,0.147727272727273
Athaliana,tandem,Different,144,19,0.106194690265487,0.0802675585284281
Athaliana,transposed,Different,229,19,0.168135095447871,0.115598182735992
Athaliana,wgd,Different,284,19,0.122784262862084,0.0794405594405594
Athaliana,dispersed,Same,1214,19,0.777706598334401,0.541964285714286
Athaliana,proximal,Same,369,19,0.802173913043478,0.599025974025974
Athaliana,tandem,Same,1212,19,0.893805309734513,0.675585284280936
Athaliana,transposed,Same,1133,19,0.831864904552129,0.571933366986371
Athaliana,wgd,Same,2029,19,0.877215737137916,0.567552447552448
Athaliana,dispersed,Undetermined,679,19,NA,0.303125
Athaliana,proximal,Undetermined,156,19,NA,0.253246753246753
Athaliana,tandem,Undetermined,438,19,NA,0.244147157190635
Athaliana,transposed,Undetermined,619,19,NA,0.312468450277638
Athaliana,wgd,Undetermined,1262,19,NA,0.353006993006993
Atrichopoda,dispersed,Different,289,1,0.139883833494676,0.0915426037377257
Atrichopoda,proximal,Different,94,1,0.29375,0.144838212634823
Atrichopoda,tandem,Different,68,1,0.222950819672131,0.100443131462334
Atrichopoda,transposed,Different,2,1,1,0.666666666666667
Atrichopoda,wgd,Different,0,1,0,0
Atrichopoda,dispersed,Same,1777,1,0.860116166505324,0.562876148242002
Atrichopoda,proximal,Same,226,1,0.70625,0.348228043143297
Atrichopoda,tandem,Same,237,1,0.777049180327869,0.350073855243722
Atrichopoda,transposed,Same,0,1,0,0
Atrichopoda,wgd,Same,1,1,1,1
Atrichopoda,dispersed,Undetermined,1091,1,NA,0.345581248020272
Atrichopoda,proximal,Undetermined,329,1,NA,0.50693374422188
Atrichopoda,tandem,Undetermined,372,1,NA,0.549483013293944
Atrichopoda,transposed,Undetermined,1,1,NA,0.333333333333333
Atrichopoda,wgd,Undetermined,0,1,NA,0
Bdistachyon,dispersed,Different,885,5,0.258469626168224,0.190897325280414
Bdistachyon,proximal,Different,227,5,0.268321513002364,0.19877408056042
Bdistachyon,tandem,Different,295,5,0.211469534050179,0.169054441260745
Bdistachyon,transposed,Different,444,5,0.278369905956113,0.213051823416507
Bdistachyon,wgd,Different,203,5,0.13923182441701,0.0978784956605593
Bdistachyon,dispersed,Same,2539,5,0.741530373831776,0.547670405522002
Bdistachyon,proximal,Same,619,5,0.731678486997636,0.542031523642732
Bdistachyon,tandem,Same,1100,5,0.788530465949821,0.630372492836676
Bdistachyon,transposed,Same,1151,5,0.721630094043887,0.552303262955854
Bdistachyon,wgd,Same,1255,5,0.86076817558299,0.605110896817743
Bdistachyon,dispersed,Undetermined,1212,5,NA,0.261432269197584
Bdistachyon,proximal,Undetermined,296,5,NA,0.259194395796848
Bdistachyon,tandem,Undetermined,350,5,NA,0.200573065902579
Bdistachyon,transposed,Undetermined,489,5,NA,0.234644913627639
Bdistachyon,wgd,Undetermined,616,5,NA,0.297010607521697
Boleracea,dispersed,Different,482,23,0.195616883116883,0.142645753181415
Boleracea,proximal,Different,250,23,0.216637781629116,0.156739811912226
Boleracea,tandem,Different,202,23,0.164629176854116,0.120309708159619
Boleracea,transposed,Different,954,23,0.158498089383619,0.123783573374854
Boleracea,wgd,Different,1266,23,0.0982385349577093,0.0710318128261235
Boleracea,dispersed,Same,1982,23,0.804383116883117,0.586564072210713
Boleracea,proximal,Same,904,23,0.783362218370884,0.566771159874608
Boleracea,tandem,Same,1025,23,0.835370823145884,0.610482430017868
Boleracea,transposed,Same,5065,23,0.841501910616381,0.657194758012197
Boleracea,wgd,Same,11621,23,0.901761465042291,0.652022667339954
Boleracea,dispersed,Undetermined,915,23,NA,0.270790174607872
Boleracea,proximal,Undetermined,441,23,NA,0.276489028213166
Boleracea,tandem,Undetermined,452,23,NA,0.269207861822513
Boleracea,transposed,Undetermined,1688,23,NA,0.219021668612949
Boleracea,wgd,Undetermined,4936,23,NA,0.276945519833922
Brapa,dispersed,Different,156,22,0.103654485049834,0.0860927152317881
Brapa,proximal,Different,43,22,0.101654846335697,0.0899581589958159
Brapa,tandem,Different,108,22,0.0694980694980695,0.0617848970251716
Brapa,transposed,Different,430,22,0.11735807860262,0.100373482726424
Brapa,wgd,Different,470,22,0.042898868200073,0.0355011707832918
Brapa,dispersed,Same,1349,22,0.896345514950166,0.74448123620309
Brapa,proximal,Same,380,22,0.898345153664303,0.794979079497908
Brapa,tandem,Same,1446,22,0.930501930501931,0.827231121281464
Brapa,transposed,Same,3234,22,0.88264192139738,0.754901960784314
Brapa,wgd,Same,10486,22,0.957101131799927,0.792053780497016
Brapa,dispersed,Undetermined,307,22,NA,0.169426048565121
Brapa,proximal,Undetermined,55,22,NA,0.115062761506276
Brapa,tandem,Undetermined,194,22,NA,0.110983981693364
Brapa,transposed,Undetermined,620,22,NA,0.144724556489262
Brapa,wgd,Undetermined,2283,22,NA,0.172445048719692
Bvulgaris,dispersed,Different,243,40,0.21038961038961,0.130926724137931
Bvulgaris,proximal,Different,59,40,0.296482412060302,0.173529411764706
Bvulgaris,tandem,Different,88,40,0.236559139784946,0.118918918918919
Bvulgaris,transposed,Different,133,40,0.488970588235294,0.241818181818182
Bvulgaris,wgd,Different,20,40,0.298507462686567,0.10752688172043
Bvulgaris,dispersed,Same,912,40,0.78961038961039,0.491379310344828
Bvulgaris,proximal,Same,140,40,0.703517587939699,0.411764705882353
Bvulgaris,tandem,Same,284,40,0.763440860215054,0.383783783783784
Bvulgaris,transposed,Same,139,40,0.511029411764706,0.252727272727273
Bvulgaris,wgd,Same,47,40,0.701492537313433,0.252688172043011
Bvulgaris,dispersed,Undetermined,701,40,NA,0.377693965517241
Bvulgaris,proximal,Undetermined,141,40,NA,0.414705882352941
Bvulgaris,tandem,Undetermined,368,40,NA,0.497297297297297
Bvulgaris,transposed,Undetermined,278,40,NA,0.505454545454545
Bvulgaris,wgd,Undetermined,119,40,NA,0.639784946236559
Cclementina,dispersed,Different,283,14,0.248900615655233,0.198318149964961
Cclementina,proximal,Different,203,14,0.251237623762376,0.196705426356589
Cclementina,tandem,Different,320,14,0.189013585351447,0.163682864450128
Cclementina,transposed,Different,251,14,0.282339707536558,0.223309608540925
Cclementina,wgd,Different,183,14,0.134558823529412,0.106643356643357
Cclementina,dispersed,Same,854,14,0.751099384344767,0.598458304134548
Cclementina,proximal,Same,605,14,0.748762376237624,0.586240310077519
Cclementina,tandem,Same,1373,14,0.810986414648553,0.70230179028133
Cclementina,transposed,Same,638,14,0.717660292463442,0.567615658362989
Cclementina,wgd,Same,1177,14,0.865441176470588,0.685897435897436
Cclementina,dispersed,Undetermined,290,14,NA,0.203223545900491
Cclementina,proximal,Undetermined,224,14,NA,0.217054263565891
Cclementina,tandem,Undetermined,262,14,NA,0.134015345268542
Cclementina,transposed,Undetermined,235,14,NA,0.209074733096085
Cclementina,wgd,Undetermined,356,14,NA,0.207459207459207
Cpapaya,dispersed,Different,810,17,0.26188166828322,0.214797136038186
Cpapaya,proximal,Different,102,17,0.254364089775561,0.202380952380952
Cpapaya,tandem,Different,141,17,0.208888888888889,0.169064748201439
Cpapaya,transposed,Different,210,17,0.188003581020591,0.158970476911431
Cpapaya,wgd,Different,60,17,0.204081632653061,0.162162162162162
Cpapaya,dispersed,Same,2283,17,0.73811833171678,0.605409705648369
Cpapaya,proximal,Same,299,17,0.745635910224439,0.593253968253968
Cpapaya,tandem,Same,534,17,0.791111111111111,0.640287769784173
Cpapaya,transposed,Same,907,17,0.811996418979409,0.686601059803179
Cpapaya,wgd,Same,234,17,0.795918367346939,0.632432432432432
Cpapaya,dispersed,Undetermined,678,17,NA,0.179793158313445
Cpapaya,proximal,Undetermined,103,17,NA,0.204365079365079
Cpapaya,tandem,Undetermined,159,17,NA,0.190647482014388
Cpapaya,transposed,Undetermined,204,17,NA,0.15442846328539
Cpapaya,wgd,Undetermined,76,17,NA,0.205405405405405
Clanatus,dispersed,Different,173,26,0.223803363518758,0.105039465695203
Clanatus,proximal,Different,36,26,0.178217821782178,0.0949868073878628
Clanatus,tandem,Different,139,26,0.25,0.133141762452107
Clanatus,transposed,Different,117,26,0.262921348314607,0.12621359223301
Clanatus,wgd,Different,172,26,0.228723404255319,0.113009198423127
Clanatus,dispersed,Same,600,26,0.776196636481242,0.364298724954463
Clanatus,proximal,Same,166,26,0.821782178217822,0.437994722955145
Clanatus,tandem,Same,417,26,0.75,0.399425287356322
Clanatus,transposed,Same,328,26,0.737078651685393,0.353829557713053
Clanatus,wgd,Same,580,26,0.771276595744681,0.38107752956636
Clanatus,dispersed,Undetermined,874,26,NA,0.530661809350334
Clanatus,proximal,Undetermined,177,26,NA,0.467018469656992
Clanatus,tandem,Undetermined,488,26,NA,0.467432950191571
Clanatus,transposed,Undetermined,482,26,NA,0.519956850053937
Clanatus,wgd,Undetermined,770,26,NA,0.505913272010513
Cmelo,dispersed,Different,520,27,0.234128770823953,0.180869565217391
Cmelo,proximal,Different,103,27,0.242924528301887,0.190740740740741
Cmelo,tandem,Different,195,27,0.255570117955439,0.196770938446014
Cmelo,transposed,Different,321,27,0.167361835245047,0.14343163538874
Cmelo,wgd,Different,247,27,0.174805378627035,0.141791044776119
Cmelo,dispersed,Same,1701,27,0.765871229176047,0.591652173913043
Cmelo,proximal,Same,321,27,0.757075471698113,0.594444444444444
Cmelo,tandem,Same,568,27,0.744429882044561,0.573158425832492
Cmelo,transposed,Same,1597,27,0.832638164754953,0.713583556747096
Cmelo,wgd,Same,1166,27,0.825194621372965,0.669345579793341
Cmelo,dispersed,Undetermined,654,27,NA,0.227478260869565
Cmelo,proximal,Undetermined,116,27,NA,0.214814814814815
Cmelo,tandem,Undetermined,228,27,NA,0.230070635721493
Cmelo,transposed,Undetermined,320,27,NA,0.142984807864164
Cmelo,wgd,Undetermined,329,27,NA,0.18886337543054
Crubella,dispersed,Different,449,18,0.250418293363079,0.190173655230834
Crubella,proximal,Different,105,18,0.205078125,0.161787365177196
Crubella,tandem,Different,262,18,0.157641395908544,0.124465558194774
Crubella,transposed,Different,429,18,0.259685230024213,0.200936768149883
Crubella,wgd,Different,418,18,0.159298780487805,0.116046640755136
Crubella,dispersed,Same,1344,18,0.749581706636921,0.569250317662008
Crubella,proximal,Same,407,18,0.794921875,0.627118644067797
Crubella,tandem,Same,1400,18,0.842358604091456,0.665083135391924
Crubella,transposed,Same,1223,18,0.740314769975787,0.572833723653396
Crubella,wgd,Same,2206,18,0.840701219512195,0.612437534702943
Crubella,dispersed,Undetermined,568,18,NA,0.240576027107158
Crubella,proximal,Undetermined,137,18,NA,0.211093990755008
Crubella,tandem,Undetermined,443,18,NA,0.210451306413302
Crubella,transposed,Undetermined,483,18,NA,0.226229508196721
Crubella,wgd,Undetermined,978,18,NA,0.271515824541921
Csativus,dispersed,Different,422,28,0.302292263610315,0.227615965480043
Csativus,proximal,Different,90,28,0.302013422818792,0.221130221130221
Csativus,tandem,Different,216,28,0.262135922330097,0.195829555757026
Csativus,transposed,Different,228,28,0.318881118881119,0.241525423728814
Csativus,wgd,Different,269,28,0.274770173646578,0.204252088078967
Csativus,dispersed,Same,974,28,0.697707736389685,0.525350593311758
Csativus,proximal,Same,208,28,0.697986577181208,0.511056511056511
Csativus,tandem,Same,608,28,0.737864077669903,0.551223934723481
Csativus,transposed,Same,487,28,0.681118881118881,0.515889830508475
Csativus,wgd,Same,710,28,0.725229826353422,0.539104024297646
Csativus,dispersed,Undetermined,458,28,NA,0.247033441208198
Csativus,proximal,Undetermined,109,28,NA,0.267813267813268
Csativus,tandem,Undetermined,279,28,NA,0.252946509519492
Csativus,transposed,Undetermined,229,28,NA,0.242584745762712
Csativus,wgd,Undetermined,338,28,NA,0.256643887623386
Egrandis,dispersed,Different,242,13,0.205432937181664,0.125388601036269
Egrandis,proximal,Different,210,13,0.262828535669587,0.152063721940623
Egrandis,tandem,Different,384,13,0.177860120426123,0.111239860950174
Egrandis,transposed,Different,229,13,0.241306638566913,0.139634146341463
Egrandis,wgd,Different,189,13,0.175324675324675,0.104419889502762
Egrandis,dispersed,Same,936,13,0.794567062818336,0.484974093264249
Egrandis,proximal,Same,589,13,0.737171464330413,0.426502534395366
Egrandis,tandem,Same,1775,13,0.822139879573877,0.514194669756663
Egrandis,transposed,Same,720,13,0.758693361433087,0.439024390243902
Egrandis,wgd,Same,889,13,0.824675324675325,0.491160220994475
Egrandis,dispersed,Undetermined,752,13,NA,0.389637305699482
Egrandis,proximal,Undetermined,582,13,NA,0.421433743664012
Egrandis,tandem,Undetermined,1293,13,NA,0.374565469293163
Egrandis,transposed,Undetermined,691,13,NA,0.421341463414634
Egrandis,wgd,Undetermined,732,13,NA,0.404419889502762
Eguineensis,dispersed,Different,57,2,0.135071090047393,0.0720606826801517
Eguineensis,proximal,Different,11,2,0.129411764705882,0.094017094017094
Eguineensis,tandem,Different,31,2,0.0665236051502146,0.0459940652818991
Eguineensis,transposed,Different,112,2,0.187604690117253,0.0977312390924956
Eguineensis,wgd,Different,208,2,0.116591928251121,0.0589903573454339
Eguineensis,dispersed,Same,365,2,0.864928909952607,0.461441213653603
Eguineensis,proximal,Same,74,2,0.870588235294118,0.632478632478632
Eguineensis,tandem,Same,435,2,0.933476394849785,0.64540059347181
Eguineensis,transposed,Same,485,2,0.812395309882747,0.423211169284468
Eguineensis,wgd,Same,1576,2,0.883408071748879,0.446965399886557
Eguineensis,dispersed,Undetermined,369,2,NA,0.466498103666245
Eguineensis,proximal,Undetermined,32,2,NA,0.273504273504274
Eguineensis,tandem,Undetermined,208,2,NA,0.308605341246291
Eguineensis,transposed,Undetermined,549,2,NA,0.479057591623037
Eguineensis,wgd,Undetermined,1742,2,NA,0.494044242768009
Esalsugineum,dispersed,Different,210,21,0.0847115772488907,0.0829056454796684
Esalsugineum,proximal,Different,80,21,0.142348754448399,0.130293159609121
Esalsugineum,tandem,Different,150,21,0.107449856733524,0.100942126514132
Esalsugineum,transposed,Different,205,21,0.0922592259225923,0.0900307422046552
Esalsugineum,wgd,Different,89,21,0.027002427184466,0.0267427884615385
Esalsugineum,dispersed,Same,2269,21,0.915288422751109,0.895775759968417
Esalsugineum,proximal,Same,482,21,0.857651245551601,0.785016286644951
Esalsugineum,tandem,Same,1246,21,0.892550143266476,0.838492597577389
Esalsugineum,transposed,Same,2017,21,0.907740774077408,0.885814668423364
Esalsugineum,wgd,Same,3207,21,0.972997572815534,0.963641826923077
Esalsugineum,dispersed,Undetermined,54,21,NA,0.0213185945519147
Esalsugineum,proximal,Undetermined,52,21,NA,0.0846905537459283
Esalsugineum,tandem,Undetermined,90,21,NA,0.0605652759084791
Esalsugineum,transposed,Undetermined,55,21,NA,0.0241545893719807
Esalsugineum,wgd,Undetermined,32,21,NA,0.00961538461538462
Fvesca,dispersed,Different,698,32,0.262307403231868,0.221587301587302
Fvesca,proximal,Different,246,32,0.240940254652302,0.20364238410596
Fvesca,tandem,Different,219,32,0.194321206743567,0.173671689135607
Fvesca,transposed,Different,429,32,0.354545454545455,0.292035398230089
Fvesca,wgd,Different,208,32,0.210953346855984,0.166134185303514
Fvesca,dispersed,Same,1963,32,0.737692596768132,0.623174603174603
Fvesca,proximal,Same,775,32,0.759059745347698,0.641556291390728
Fvesca,tandem,Same,908,32,0.805678793256433,0.720063441712926
Fvesca,transposed,Same,781,32,0.645454545454546,0.531654186521443
Fvesca,wgd,Same,778,32,0.789046653144016,0.621405750798722
Fvesca,dispersed,Undetermined,489,32,NA,0.155238095238095
Fvesca,proximal,Undetermined,187,32,NA,0.154801324503311
Fvesca,tandem,Undetermined,134,32,NA,0.106264869151467
Fvesca,transposed,Undetermined,259,32,NA,0.176310415248468
Fvesca,wgd,Undetermined,266,32,NA,0.212460063897764
Fxananassa,dispersed,Different,312,33,0.223335719398712,0.177980604677695
Fxananassa,proximal,Different,294,33,0.235011990407674,0.196130753835891
Fxananassa,tandem,Different,262,33,0.193930421909697,0.167091836734694
Fxananassa,transposed,Different,1067,33,0.260816426301638,0.206183574879227
Fxananassa,wgd,Different,4257,33,0.195688149305875,0.133039564972811
Fxananassa,dispersed,Same,1085,33,0.776664280601288,0.618938961779806
Fxananassa,proximal,Same,957,33,0.764988009592326,0.638425617078052
Fxananassa,tandem,Same,1089,33,0.806069578090303,0.694515306122449
Fxananassa,transposed,Same,3024,33,0.739183573698362,0.584347826086957
Fxananassa,wgd,Same,17497,33,0.804311850694125,0.546815425964123
Fxananassa,dispersed,Undetermined,356,33,NA,0.203080433542499
Fxananassa,proximal,Undetermined,248,33,NA,0.165443629086057
Fxananassa,tandem,Undetermined,217,33,NA,0.138392857142857
Fxananassa,transposed,Undetermined,1084,33,NA,0.209468599033816
Fxananassa,wgd,Undetermined,10244,33,NA,0.320145009063066
Gmax,dispersed,Different,120,37,0.181543116490166,0.131434830230011
Gmax,proximal,Different,73,37,0.107828655834564,0.0954248366013072
Gmax,tandem,Different,151,37,0.0770408163265306,0.0695211786372007
Gmax,transposed,Different,504,37,0.235184321045264,0.189331329827198
Gmax,wgd,Different,1435,37,0.0956220430465783,0.0749934674679906
Gmax,dispersed,Same,541,37,0.818456883509834,0.592552026286966
Gmax,proximal,Same,604,37,0.892171344165436,0.789542483660131
Gmax,tandem,Same,1809,37,0.922959183673469,0.832872928176796
Gmax,transposed,Same,1639,37,0.764815678954736,0.615702479338843
Gmax,wgd,Same,13572,37,0.904377956953422,0.709276195453358
Gmax,dispersed,Undetermined,252,37,NA,0.276013143483023
Gmax,proximal,Undetermined,88,37,NA,0.115032679738562
Gmax,tandem,Undetermined,212,37,NA,0.0976058931860037
Gmax,transposed,Undetermined,519,37,NA,0.194966190833959
Gmax,wgd,Undetermined,4128,37,NA,0.215730337078652
Graimondii,dispersed,Different,551,16,0.232587589700295,0.183117314722499
Graimondii,proximal,Different,164,16,0.236311239193084,0.192037470725995
Graimondii,tandem,Different,347,16,0.181011997913406,0.157369614512472
Graimondii,transposed,Different,619,16,0.297596153846154,0.225912408759124
Graimondii,wgd,Different,1300,16,0.192137156370086,0.14257512612415
Graimondii,dispersed,Same,1818,16,0.767412410299705,0.604187437686939
Graimondii,proximal,Same,530,16,0.763688760806916,0.620608899297424
Graimondii,tandem,Same,1570,16,0.818988002086594,0.712018140589569
Graimondii,transposed,Same,1461,16,0.702403846153846,0.533211678832117
Graimondii,wgd,Same,5466,16,0.807862843629914,0.59947356876508
Graimondii,dispersed,Undetermined,640,16,NA,0.212695247590562
Graimondii,proximal,Undetermined,160,16,NA,0.187353629976581
Graimondii,tandem,Undetermined,288,16,NA,0.130612244897959
Graimondii,transposed,Undetermined,660,16,NA,0.240875912408759
Graimondii,wgd,Undetermined,2352,16,NA,0.25795130511077
Ljaponicus,dispersed,Different,997,38,0.300663449939686,0.227885714285714
Ljaponicus,proximal,Different,99,38,0.32890365448505,0.251908396946565
Ljaponicus,tandem,Different,155,38,0.129059117402165,0.10347129506008
Ljaponicus,transposed,Different,474,38,0.348529411764706,0.262895174708819
Ljaponicus,wgd,Different,161,38,0.235380116959064,0.174054054054054
Ljaponicus,dispersed,Same,2319,38,0.699336550060314,0.530057142857143
Ljaponicus,proximal,Same,202,38,0.67109634551495,0.513994910941476
Ljaponicus,tandem,Same,1046,38,0.870940882597835,0.69826435246996
Ljaponicus,transposed,Same,886,38,0.651470588235294,0.491403216860788
Ljaponicus,wgd,Same,523,38,0.764619883040936,0.565405405405405
Ljaponicus,dispersed,Undetermined,1059,38,NA,0.242057142857143
Ljaponicus,proximal,Undetermined,92,38,NA,0.234096692111959
Ljaponicus,tandem,Undetermined,297,38,NA,0.19826435246996
Ljaponicus,transposed,Undetermined,443,38,NA,0.245701608430394
Ljaponicus,wgd,Undetermined,241,38,NA,0.260540540540541
Macuminata,dispersed,Different,489,3,0.222982216142271,0.160170324271209
Macuminata,proximal,Different,32,3,0.176795580110497,0.140350877192982
Macuminata,tandem,Different,42,3,0.115068493150685,0.100238663484487
Macuminata,transposed,Different,615,3,0.200783545543585,0.155578041993423
Macuminata,wgd,Different,718,3,0.137811900191939,0.105495151337056
Macuminata,dispersed,Same,1704,3,0.777017783857729,0.558139534883721
Macuminata,proximal,Same,149,3,0.823204419889503,0.653508771929825
Macuminata,tandem,Same,323,3,0.884931506849315,0.770883054892601
Macuminata,transposed,Same,2448,3,0.799216454456415,0.619276498861624
Macuminata,wgd,Same,4492,3,0.862188099808061,0.660005877167205
Macuminata,dispersed,Undetermined,860,3,NA,0.28169014084507
Macuminata,proximal,Undetermined,47,3,NA,0.206140350877193
Macuminata,tandem,Undetermined,54,3,NA,0.128878281622912
Macuminata,transposed,Undetermined,890,3,NA,0.225145459144953
Macuminata,wgd,Undetermined,1596,3,NA,0.234498971495739
Mdomestica,dispersed,Different,287,31,0.280821917808219,0.181991122384274
Mdomestica,proximal,Different,322,31,0.280732345248474,0.182954545454545
Mdomestica,tandem,Different,332,31,0.228021978021978,0.157345971563981
Mdomestica,transposed,Different,763,31,0.400735294117647,0.246925566343042
Mdomestica,wgd,Different,1079,31,0.162745098039216,0.0942934545136765
Mdomestica,dispersed,Same,735,31,0.719178082191781,0.466074825618263
Mdomestica,proximal,Same,825,31,0.719267654751526,0.46875
Mdomestica,tandem,Same,1124,31,0.771978021978022,0.532701421800948
Mdomestica,transposed,Same,1141,31,0.599264705882353,0.369255663430421
Mdomestica,wgd,Same,5551,31,0.837254901960784,0.485100061172769
Mdomestica,dispersed,Undetermined,555,31,NA,0.351934051997464
Mdomestica,proximal,Undetermined,613,31,NA,0.348295454545455
Mdomestica,tandem,Undetermined,654,31,NA,0.309952606635071
Mdomestica,transposed,Undetermined,1186,31,NA,0.383818770226537
Mdomestica,wgd,Undetermined,4813,31,NA,0.420606484313554
Mesculenta,dispersed,Different,160,24,0.198757763975155,0.171858216970999
Mesculenta,proximal,Different,49,24,0.117505995203837,0.0993914807302231
Mesculenta,tandem,Different,145,24,0.1004851004851,0.0916561314791403
Mesculenta,transposed,Different,229,24,0.176833976833977,0.160027952480783
Mesculenta,wgd,Different,748,24,0.122322158626329,0.107594936708861
Mesculenta,dispersed,Same,645,24,0.801242236024845,0.692803437164339
Mesculenta,proximal,Same,368,24,0.882494004796163,0.746450304259635
Mesculenta,tandem,Same,1298,24,0.899514899514899,0.820480404551201
Mesculenta,transposed,Same,1066,24,0.823166023166023,0.744933612858141
Mesculenta,wgd,Same,5367,24,0.877677841373671,0.772008055235903
Mesculenta,dispersed,Undetermined,126,24,NA,0.135338345864662
Mesculenta,proximal,Undetermined,76,24,NA,0.154158215010142
Mesculenta,tandem,Undetermined,139,24,NA,0.0878634639696587
Mesculenta,transposed,Undetermined,136,24,NA,0.0950384346610762
Mesculenta,wgd,Undetermined,837,24,NA,0.120397008055236
Mguttatus,dispersed,Different,361,43,0.250520471894518,0.201114206128134
Mguttatus,proximal,Different,162,43,0.259615384615385,0.211212516297262
Mguttatus,tandem,Different,390,43,0.223495702005731,0.187140115163148
Mguttatus,transposed,Different,407,43,0.28481455563331,0.234177215189873
Mguttatus,wgd,Different,401,43,0.152878383530309,0.123422591566636
Mguttatus,dispersed,Same,1080,43,0.749479528105482,0.601671309192201
Mguttatus,proximal,Same,462,43,0.740384615384615,0.602346805736636
Mguttatus,tandem,Same,1355,43,0.776504297994269,0.650191938579655
Mguttatus,transposed,Same,1022,43,0.71518544436669,0.588032220943613
Mguttatus,wgd,Same,2222,43,0.847121616469691,0.683902739304401
Mguttatus,dispersed,Undetermined,354,43,NA,0.197214484679666
Mguttatus,proximal,Undetermined,143,43,NA,0.186440677966102
Mguttatus,tandem,Undetermined,339,43,NA,0.162667946257198
Mguttatus,transposed,Undetermined,309,43,NA,0.177790563866513
Mguttatus,wgd,Undetermined,626,43,NA,0.192674669128963
Mtruncatula,dispersed,Different,960,39,0.316101415870925,0.235121234386481
Mtruncatula,proximal,Different,434,39,0.340926944226237,0.236512261580381
Mtruncatula,tandem,Different,548,39,0.313321898227559,0.217806041335453
Mtruncatula,transposed,Different,709,39,0.361734693877551,0.272587466359093
Mtruncatula,wgd,Different,499,39,0.234272300469484,0.184473197781885
Mtruncatula,dispersed,Same,2077,39,0.683898584129075,0.50869458731325
Mtruncatula,proximal,Same,839,39,0.659073055773763,0.457220708446866
Mtruncatula,tandem,Same,1201,39,0.686678101772441,0.477344992050874
Mtruncatula,transposed,Same,1251,39,0.638265306122449,0.480968858131488
Mtruncatula,wgd,Same,1631,39,0.765727699530516,0.602957486136784
Mtruncatula,dispersed,Undetermined,1046,39,NA,0.256184178300269
Mtruncatula,proximal,Undetermined,562,39,NA,0.306267029972752
Mtruncatula,tandem,Undetermined,767,39,NA,0.304848966613673
Mtruncatula,transposed,Undetermined,641,39,NA,0.246443675509419
Mtruncatula,wgd,Undetermined,575,39,NA,0.212569316081331
Osativa,dispersed,Different,961,4,0.277906304222094,0.217420814479638
Osativa,proximal,Different,332,4,0.243938280675974,0.192799070847851
Osativa,tandem,Different,358,4,0.210217263652378,0.169668246445498
Osativa,transposed,Different,581,4,0.224324324324324,0.182876927919421
Osativa,wgd,Different,384,4,0.148491879350348,0.115419296663661
Osativa,dispersed,Same,2497,4,0.722093695777906,0.564932126696833
Osativa,proximal,Same,1029,4,0.756061719324026,0.597560975609756
Osativa,tandem,Same,1345,4,0.789782736347622,0.637440758293839
Osativa,transposed,Same,2009,4,0.775675675675676,0.632357570034624
Osativa,wgd,Same,2202,4,0.851508120649652,0.661857529305681
Osativa,dispersed,Undetermined,962,4,NA,0.217647058823529
Osativa,proximal,Undetermined,361,4,NA,0.209639953542393
Osativa,tandem,Undetermined,407,4,NA,0.192890995260664
Osativa,transposed,Undetermined,587,4,NA,0.184765502045955
Osativa,wgd,Undetermined,741,4,NA,0.222723174030658
Phallii,dispersed,Different,430,11,0.2004662004662,0.149253731343284
Phallii,proximal,Different,115,11,0.165229885057471,0.134189031505251
Phallii,tandem,Different,159,11,0.0999371464487744,0.0871710526315789
Phallii,transposed,Different,319,11,0.188422917897224,0.147480351363847
Phallii,wgd,Different,244,11,0.108977221974096,0.0809018567639257
Phallii,dispersed,Same,1715,11,0.7995337995338,0.595279416869143
Phallii,proximal,Same,581,11,0.834770114942529,0.677946324387398
Phallii,tandem,Same,1432,11,0.900062853551226,0.785087719298246
Phallii,transposed,Same,1374,11,0.811577082102776,0.635228848821082
Phallii,wgd,Same,1995,11,0.891022778025904,0.661472148541114
Phallii,dispersed,Undetermined,736,11,NA,0.255466851787574
Phallii,proximal,Undetermined,161,11,NA,0.187864644107351
Phallii,tandem,Undetermined,233,11,NA,0.127741228070175
Phallii,transposed,Undetermined,470,11,NA,0.217290799815072
Phallii,wgd,Undetermined,777,11,NA,0.25762599469496
Ppersica,dispersed,Different,376,29,0.289453425712086,0.205576817933297
Ppersica,proximal,Different,210,29,0.28,0.19589552238806
Ppersica,tandem,Different,378,29,0.225402504472272,0.161400512382579
Ppersica,transposed,Different,307,29,0.3536866359447,0.250203748981255
Ppersica,wgd,Different,250,29,0.183284457478006,0.134989200863931
Ppersica,dispersed,Same,923,29,0.710546574287914,0.504647348277747
Ppersica,proximal,Same,540,29,0.72,0.503731343283582
Ppersica,tandem,Same,1299,29,0.774597495527728,0.55465414175918
Ppersica,transposed,Same,561,29,0.646313364055299,0.45721271393643
Ppersica,wgd,Same,1114,29,0.816715542521994,0.601511879049676
Ppersica,dispersed,Undetermined,530,29,NA,0.289775833788956
Ppersica,proximal,Undetermined,322,29,NA,0.300373134328358
Ppersica,tandem,Undetermined,665,29,NA,0.283945345858241
Ppersica,transposed,Undetermined,359,29,NA,0.292583537082315
Ppersica,wgd,Undetermined,488,29,NA,0.263498920086393
Ptrichocarpa,dispersed,Different,170,25,0.147954743255004,0.12937595129376
Ptrichocarpa,proximal,Different,138,25,0.119791666666667,0.105747126436782
Ptrichocarpa,tandem,Different,156,25,0.0861878453038674,0.080370942812983
Ptrichocarpa,transposed,Different,363,25,0.202341137123746,0.175108538350217
Ptrichocarpa,wgd,Different,1046,25,0.126926343890305,0.104453764729379
Ptrichocarpa,dispersed,Same,979,25,0.852045256744996,0.745053272450533
Ptrichocarpa,proximal,Same,1014,25,0.880208333333333,0.777011494252874
Ptrichocarpa,tandem,Same,1654,25,0.913812154696133,0.852138073158166
Ptrichocarpa,transposed,Same,1431,25,0.797658862876254,0.690303907380608
Ptrichocarpa,wgd,Same,7195,25,0.873073656109695,0.718494108248452
Ptrichocarpa,dispersed,Undetermined,165,25,NA,0.125570776255708
Ptrichocarpa,proximal,Undetermined,153,25,NA,0.117241379310345
Ptrichocarpa,tandem,Undetermined,131,25,NA,0.0674909840288511
Ptrichocarpa,transposed,Undetermined,279,25,NA,0.134587554269175
Ptrichocarpa,wgd,Undetermined,1773,25,NA,0.177052127022169
Pvirgatum,dispersed,Different,576,10,0.242220353238015,0.178052550231839
Pvirgatum,proximal,Different,239,10,0.175735294117647,0.128218884120172
Pvirgatum,tandem,Different,252,10,0.124690747154874,0.0956356736242884
Pvirgatum,transposed,Different,738,10,0.239067055393586,0.1511365963547
Pvirgatum,wgd,Different,895,10,0.0756487194658102,0.0439414768263943
Pvirgatum,dispersed,Same,1802,10,0.757779646761985,0.557032457496136
Pvirgatum,proximal,Same,1121,10,0.824264705882353,0.601394849785408
Pvirgatum,tandem,Same,1769,10,0.875309252845126,0.67134724857685
Pvirgatum,transposed,Same,2349,10,0.760932944606414,0.481056727421667
Pvirgatum,wgd,Same,10936,10,0.92435128053419,0.536920659858602
Pvirgatum,dispersed,Undetermined,857,10,NA,0.264914992272025
Pvirgatum,proximal,Undetermined,504,10,NA,0.270386266094421
Pvirgatum,tandem,Undetermined,614,10,NA,0.233017077798861
Pvirgatum,transposed,Undetermined,1796,10,NA,0.367806676223633
Pvirgatum,wgd,Undetermined,8537,10,NA,0.419137863315004
Pvulgaris,dispersed,Different,253,36,0.157534246575342,0.132947976878613
Pvulgaris,proximal,Different,96,36,0.142222222222222,0.132231404958678
Pvulgaris,tandem,Different,155,36,0.0765054294175716,0.0735643094447081
Pvulgaris,transposed,Different,177,36,0.116065573770492,0.104486422668241
Pvulgaris,wgd,Different,282,36,0.0820960698689956,0.0724191063174114
Pvulgaris,dispersed,Same,1353,36,0.842465753424658,0.710982658959538
Pvulgaris,proximal,Same,579,36,0.857777777777778,0.797520661157025
Pvulgaris,tandem,Same,1871,36,0.923494570582428,0.887992406264832
Pvulgaris,transposed,Same,1348,36,0.883934426229508,0.795749704840614
Pvulgaris,wgd,Same,3153,36,0.917903930131004,0.809707241910632
Pvulgaris,dispersed,Undetermined,297,36,NA,0.15606936416185
Pvulgaris,proximal,Undetermined,51,36,NA,0.0702479338842975
Pvulgaris,tandem,Undetermined,81,36,NA,0.0384432842904604
Pvulgaris,transposed,Undetermined,169,36,NA,0.0997638724911452
Pvulgaris,wgd,Undetermined,459,36,NA,0.117873651771957
Pxbretschneideri,dispersed,Different,35,30,0.158371040723982,0.072463768115942
Pxbretschneideri,proximal,Different,28,30,0.198581560283688,0.0848484848484849
Pxbretschneideri,tandem,Different,77,30,0.161764705882353,0.0766932270916335
Pxbretschneideri,transposed,Different,86,30,0.203791469194313,0.0914893617021277
Pxbretschneideri,wgd,Different,187,30,0.109677419354839,0.0483829236739974
Pxbretschneideri,dispersed,Same,186,30,0.841628959276018,0.385093167701863
Pxbretschneideri,proximal,Same,113,30,0.801418439716312,0.342424242424242
Pxbretschneideri,tandem,Same,399,30,0.838235294117647,0.397410358565737
Pxbretschneideri,transposed,Same,336,30,0.796208530805687,0.357446808510638
Pxbretschneideri,wgd,Same,1518,30,0.890322580645161,0.392755498059508
Pxbretschneideri,dispersed,Undetermined,262,30,NA,0.542443064182195
Pxbretschneideri,proximal,Undetermined,189,30,NA,0.572727272727273
Pxbretschneideri,tandem,Undetermined,528,30,NA,0.525896414342629
Pxbretschneideri,transposed,Undetermined,518,30,NA,0.551063829787234
Pxbretschneideri,wgd,Undetermined,2160,30,NA,0.558861578266494
Sbicolor,dispersed,Different,667,7,0.279313232830821,0.204538485127262
Sbicolor,proximal,Different,161,7,0.233333333333333,0.181920903954802
Sbicolor,tandem,Different,269,7,0.176277850589777,0.145169994603346
Sbicolor,transposed,Different,309,7,0.251015434606011,0.185140802875974
Sbicolor,wgd,Different,281,7,0.171237050578915,0.130697674418605
Sbicolor,dispersed,Same,1721,7,0.720686767169179,0.527752223244404
Sbicolor,proximal,Same,529,7,0.766666666666667,0.59774011299435
Sbicolor,tandem,Same,1257,7,0.823722149410223,0.67835941716136
Sbicolor,transposed,Same,922,7,0.748984565393989,0.552426602756141
Sbicolor,wgd,Same,1360,7,0.828762949421085,0.632558139534884
Sbicolor,dispersed,Undetermined,873,7,NA,0.267709291628335
Sbicolor,proximal,Undetermined,195,7,NA,0.220338983050847
Sbicolor,tandem,Undetermined,327,7,NA,0.176470588235294
Sbicolor,transposed,Undetermined,438,7,NA,0.262432594367885
Sbicolor,wgd,Undetermined,509,7,NA,0.236744186046512
Sitalica,dispersed,Different,794,8,0.257624918883842,0.210275423728814
Sitalica,proximal,Different,188,8,0.217090069284065,0.177861873226112
Sitalica,tandem,Different,290,8,0.149253731343284,0.12691466083151
Sitalica,transposed,Different,423,8,0.235261401557286,0.190884476534296
Sitalica,wgd,Different,322,8,0.161890397184515,0.127021696252465
Sitalica,dispersed,Same,2288,8,0.742375081116158,0.605932203389831
Sitalica,proximal,Same,678,8,0.782909930715935,0.641438032166509
Sitalica,tandem,Same,1653,8,0.850746268656716,0.723413566739606
Sitalica,transposed,Same,1375,8,0.764738598442714,0.620487364620939
Sitalica,wgd,Same,1667,8,0.838109602815485,0.657593688362919
Sitalica,dispersed,Undetermined,694,8,NA,0.183792372881356
Sitalica,proximal,Undetermined,191,8,NA,0.180700094607379
Sitalica,tandem,Undetermined,342,8,NA,0.149671772428884
Sitalica,transposed,Undetermined,418,8,NA,0.188628158844765
Sitalica,wgd,Undetermined,546,8,NA,0.215384615384615
Slycopersicum,dispersed,Different,535,41,0.267232767232767,0.169143218463484
Slycopersicum,proximal,Different,137,41,0.201174743024963,0.118717504332756
Slycopersicum,tandem,Different,226,41,0.168530947054437,0.0944816053511706
Slycopersicum,transposed,Different,399,41,0.290181818181818,0.180542986425339
Slycopersicum,wgd,Different,342,41,0.194207836456559,0.10864040660737
Slycopersicum,dispersed,Same,1467,41,0.732767232767233,0.463800189693329
Slycopersicum,proximal,Same,544,41,0.798825256975037,0.471403812824957
Slycopersicum,tandem,Same,1115,41,0.831469052945563,0.466137123745819
Slycopersicum,transposed,Same,976,41,0.709818181818182,0.441628959276018
Slycopersicum,wgd,Same,1419,41,0.805792163543441,0.450762388818297
Slycopersicum,dispersed,Undetermined,1161,41,NA,0.367056591843187
Slycopersicum,proximal,Undetermined,473,41,NA,0.409878682842288
Slycopersicum,tandem,Undetermined,1051,41,NA,0.43938127090301
Slycopersicum,transposed,Undetermined,835,41,NA,0.377828054298643
Slycopersicum,wgd,Undetermined,1387,41,NA,0.440597204574333
Stuberosum,dispersed,Different,431,42,0.317612380250553,0.234111895708854
Stuberosum,proximal,Different,146,42,0.319474835886214,0.204481792717087
Stuberosum,tandem,Different,287,42,0.272554605887939,0.170124481327801
Stuberosum,transposed,Different,484,42,0.314081765087605,0.237022526934378
Stuberosum,wgd,Different,624,42,0.163393558523174,0.133475935828877
Stuberosum,dispersed,Same,926,42,0.682387619749447,0.502987506789788
Stuberosum,proximal,Same,311,42,0.680525164113786,0.435574229691877
Stuberosum,tandem,Same,766,42,0.727445394112061,0.454060462359218
Stuberosum,transposed,Same,1057,42,0.685918234912395,0.517629774730656
Stuberosum,wgd,Same,3195,42,0.836606441476826,0.683422459893048
Stuberosum,dispersed,Undetermined,484,42,NA,0.262900597501358
Stuberosum,proximal,Undetermined,257,42,NA,0.359943977591036
Stuberosum,tandem,Undetermined,634,42,NA,0.375815056312982
Stuberosum,transposed,Undetermined,501,42,NA,0.245347698334966
Stuberosum,wgd,Undetermined,856,42,NA,0.183101604278075
Sviridis,dispersed,Different,728,9,0.205475585661868,0.158123370981755
Sviridis,proximal,Different,163,9,0.155534351145038,0.125674633770239
Sviridis,tandem,Different,223,9,0.119060331019754,0.100996376811594
Sviridis,transposed,Different,398,9,0.225879682179342,0.17304347826087
Sviridis,wgd,Different,232,9,0.12281630492324,0.0875802189505474
Sviridis,dispersed,Same,2815,9,0.794524414338131,0.611424847958297
Sviridis,proximal,Same,885,9,0.844465648854962,0.682343870470316
Sviridis,tandem,Same,1650,9,0.880939668980246,0.747282608695652
Sviridis,transposed,Same,1364,9,0.774120317820658,0.59304347826087
Sviridis,wgd,Same,1657,9,0.87718369507676,0.62551906379766
Sviridis,dispersed,Undetermined,1061,9,NA,0.230451781059948
Sviridis,proximal,Undetermined,249,9,NA,0.191981495759445
Sviridis,tandem,Undetermined,335,9,NA,0.151721014492754
Sviridis,transposed,Undetermined,538,9,NA,0.233913043478261
Sviridis,wgd,Undetermined,760,9,NA,0.286900717251793
Tcacao,dispersed,Different,336,15,0.263529411764706,0.208955223880597
Tcacao,proximal,Different,108,15,0.124567474048443,0.108216432865731
Tcacao,tandem,Different,107,15,0.0731373889268626,0.0660086366440469
Tcacao,transposed,Different,362,15,0.262699564586357,0.215861657722123
Tcacao,wgd,Different,252,15,0.137931034482759,0.11214953271028
Tcacao,dispersed,Same,939,15,0.736470588235294,0.583955223880597
Tcacao,proximal,Same,759,15,0.875432525951557,0.760521042084168
Tcacao,tandem,Same,1356,15,0.926862611073137,0.836520666255398
Tcacao,transposed,Same,1016,15,0.737300435413643,0.605843768634466
Tcacao,wgd,Same,1575,15,0.862068965517241,0.700934579439252
Tcacao,dispersed,Undetermined,333,15,NA,0.207089552238806
Tcacao,proximal,Undetermined,131,15,NA,0.1312625250501
Tcacao,tandem,Undetermined,158,15,NA,0.0974706971005552
Tcacao,transposed,Undetermined,299,15,NA,0.178294573643411
Tcacao,wgd,Undetermined,420,15,NA,0.186915887850467
Vvinifera,dispersed,Different,550,12,0.350765306122449,0.270004909180167
Vvinifera,proximal,Different,303,12,0.323717948717949,0.255696202531646
Vvinifera,tandem,Different,434,12,0.238330587589237,0.209966134494436
Vvinifera,transposed,Different,504,12,0.422818791946309,0.340310600945307
Vvinifera,wgd,Different,280,12,0.190865712338105,0.15748031496063
Vvinifera,dispersed,Same,1018,12,0.649234693877551,0.499754540991654
Vvinifera,proximal,Same,633,12,0.676282051282051,0.534177215189873
Vvinifera,tandem,Same,1387,12,0.761669412410763,0.671020803096275
Vvinifera,transposed,Same,688,12,0.577181208053691,0.464550979068197
Vvinifera,wgd,Same,1187,12,0.809134287661895,0.667604049493813
Vvinifera,dispersed,Undetermined,469,12,NA,0.230240549828179
Vvinifera,proximal,Undetermined,249,12,NA,0.210126582278481
Vvinifera,tandem,Undetermined,246,12,NA,0.119013062409289
Vvinifera,transposed,Undetermined,289,12,NA,0.195138419986496
Vvinifera,wgd,Undetermined,311,12,NA,0.174915635545557
Zmays,dispersed,Different,771,6,0.190605686032138,0.155978150920494
Zmays,proximal,Different,87,6,0.169921875,0.139646869983949
Zmays,tandem,Different,152,6,0.149606299212598,0.133216476774759
Zmays,transposed,Different,1125,6,0.316544738323016,0.252185608607935
Zmays,wgd,Different,717,6,0.154259896729776,0.111076684740511
Zmays,dispersed,Same,3274,6,0.809394313967862,0.662350799109852
Zmays,proximal,Same,425,6,0.830078125,0.682182985553772
Zmays,tandem,Same,864,6,0.850393700787402,0.757230499561788
Zmays,transposed,Same,2429,6,0.683455261676984,0.544496749607711
Zmays,wgd,Same,3931,6,0.845740103270224,0.608985282726569
Zmays,dispersed,Undetermined,898,6,NA,0.181671049969654
Zmays,proximal,Undetermined,111,6,NA,0.178170144462279
Zmays,tandem,Undetermined,125,6,NA,0.109553023663453
Zmays,transposed,Undetermined,907,6,NA,0.203317641784353
Zmays,wgd,Undetermined,1807,6,NA,0.27993803253292
